event_id,customer_id,order_id,event_timestamp,event_type,session_id,device_type,zone_context,api_latency_ms,success_flag
AE00001,C0488,BROWSE_SESSION,09/08/2024 3:25,eta_refresh,S19847,Android,NORTH,301,1
AE00002,C0595,O00950,13/02/2024 22:29,search_route,S32766,Android,SOUTH,60,1
AE00003,C0494,O00170,11/08/2025 9:29,chat_opened,S99516,iOS,AIRPORT,1118,1
AE00004,C0407,O00756,23/08/2025 17:38,eta_refresh,S41236,iOS,CENTRAL,442,1
AE00005,C0506,BROWSE_SESSION,29/05/2024 10:33,search_route,S12030,iOS,NORTH,60,1
AE00006,C0498,O01196,08/02/2025 9:50,track_order,S66655,Web,WEST,499,1
AE00007,C0033,O00028,20/04/2025 19:06,chat_opened,S79495,Android,SOUTH,169,1
AE00008,C0091,O00076,18/08/2024 2:08,search_route,S59028,Android,CENTRAL,431,1
AE00009,C0421,O01222,20/07/2025 11:46,eta_refresh,S76526,Web,NORTH,609,1
AE00010,C0553,O00854,10/07/2024 13:11,chat_opened,S24618,Android,WEST,167,1
AE00011,C0643,O00192,10/05/2025 11:23,delivery_instruction_update,S22799,iOS,CENTRAL,182,1
AE00012,C0095,O01080,10/12/2025 19:11,chat_escalated,S57519,Android,CENTRAL,60,1
AE00013,C0479,O00414,28/05/2024 15:11,chat_escalated,S37114,Web,WEST,399,0
AE00014,C0626,O01054,04/04/2025 13:19,track_order,S75243,Android,AIRPORT,998,1
AE00015,C0014,O00860,16/08/2024 15:27,chat_opened,S71663,Android,WEST,238,1
AE00016,C0506,BROWSE_SESSION,13/01/2024 6:22,search_route,S47757,iOS,RIVERSIDE,536,1
AE00017,C0170,O00424,04/04/2024 6:22,chat_escalated,S30048,Android,NORTH,624,0
AE00018,C0530,O00295,12/11/2025 8:58,delivery_instruction_update,S76990,Android,NORTH,626,1
AE00019,C0179,O00628,31/03/2025 17:14,track_order,S88326,Android,SOUTH,707,1
AE00020,C0116,O01065,25/10/2025 19:05,chat_opened,S81897,Android,NORTH,196,1
AE00021,C0317,BROWSE_SESSION,22/09/2025 5:58,search_route,S89590,Android,CENTRAL,494,1
AE00022,C0188,O00844,28/03/2024 22:47,delivery_instruction_update,S29750,iOS,SOUTH,760,1
AE00023,C0543,O00854,16/10/2024 14:48,chat_opened,S76975,iOS,NORTH,644,1
AE00024,C0022,O01082,11/03/2024 19:51,track_order,S59171,Android,EAST,60,1
AE00025,C0486,BROWSE_SESSION,27/06/2025 22:42,track_order,S29906,iOS,NORTH,350,1
AE00026,C0490,O00330,16/11/2024 23:54,eta_refresh,S93151,Android,NORTH,388,1
AE00027,C0574,O00077,12/05/2024 6:04,delivery_instruction_update,S14580,iOS,RIVERSIDE,886,1
AE00028,C0166,BROWSE_SESSION,27/09/2024 0:44,track_order,S26243,Android,SOUTH,570,1
AE00029,C0367,BROWSE_SESSION,27/03/2024 16:30,payment_retry,S27022,Android,EAST,435,1
AE00030,C0455,O00229,07/06/2025 2:10,chat_opened,S74816,iOS,WEST,403,1
AE00031,C0241,O01158,09/06/2024 5:13,track_order,S52070,iOS,AIRPORT,1660,1
AE00032,C0226,O00402,20/09/2025 0:20,search_route,S18892,Android,EAST,632,1
AE00033,C0587,O00742,03/01/2025 9:32,track_order,S56165,Android,NORTH,520,1
AE00034,C0245,BROWSE_SESSION,21/08/2025 8:08,search_route,S39479,Android,CENTRAL,510,1
AE00035,C0017,BROWSE_SESSION,08/10/2025 17:17,payment_retry,S20798,iOS,SOUTH,60,1
AE00036,C0007,O00977,03/05/2025 17:47,chat_escalated,S19561,iOS,CENTRAL,362,0
AE00037,C0160,BROWSE_SESSION,26/08/2025 22:16,chat_opened,S73982,Android,EAST,458,1
AE00038,C0166,O00475,25/09/2025 11:47,eta_refresh,S10481,iOS,WEST,324,1
AE00039,C0274,BROWSE_SESSION,09/01/2024 23:40,payment_retry,S24754,iOS,CENTRAL,528,1
AE00040,C0532,O01015,17/11/2025 9:32,search_route,S82851,iOS,WEST,724,1
AE00041,C0075,O00349,24/05/2025 4:19,track_order,S44614,Android,RIVERSIDE,670,1
AE00042,C0409,O00044,18/09/2024 7:02,search_route,S80779,iOS,NORTH,524,1
AE00043,C0200,O00954,27/11/2024 18:10,eta_refresh,S78974,Android,WEST,287,1
AE00044,C0633,O01022,04/06/2025 17:13,search_route,S44218,Android,CENTRAL,588,1
AE00045,C0163,O00696,09/10/2024 22:04,payment_retry,S76855,iOS,AIRPORT,555,1
AE00046,C0531,O00016,30/10/2024 13:13,search_route,S55883,Web,WEST,326,1
AE00047,C0063,O00159,18/09/2024 14:52,track_order,S29662,iOS,EAST,344,1
AE00048,C0306,O01222,25/02/2025 4:16,chat_escalated,S77519,Android,RIVERSIDE,166,0
AE00049,C0381,O01086,11/11/2025 17:22,chat_opened,S99244,Android,WEST,113,1
AE00050,C0114,BROWSE_SESSION,05/01/2024 23:16,track_order,S64182,Android,NORTH,545,1
AE00051,C0080,O00512,18/10/2025 21:50,eta_refresh,S35136,Android,CENTRAL,473,1
AE00052,C0326,O01080,12/02/2024 2:37,payment_retry,S42021,Android,NORTH,570,0
AE00053,C0349,O00467,28/11/2024 23:28,delivery_instruction_update,S83805,iOS,SOUTH,255,1
AE00054,C0138,O00189,01/05/2025 2:00,search_route,S82990,iOS,SOUTH,73,1
AE00055,C0120,O00922,29/09/2024 23:08,track_order,S55056,iOS,AIRPORT,800,1
AE00056,C0556,O01180,23/09/2025 17:24,payment_retry,S77071,Android,NORTH,592,0
AE00057,C0266,O00600,03/11/2025 13:54,track_order,S51373,Android,EAST,585,1
AE00058,C0187,BROWSE_SESSION,26/08/2025 16:54,search_route,S24062,iOS,AIRPORT,207,1
AE00059,C0613,BROWSE_SESSION,30/12/2024 21:49,delivery_instruction_update,S18202,Android,EAST,327,1
AE00060,C0490,O00551,14/09/2025 12:20,search_route,S69751,iOS,CENTRAL,270,1
AE00061,C0551,O01205,31/03/2025 9:18,track_order,S46023,iOS,AIRPORT,418,1
AE00062,C0116,O01105,29/01/2024 7:08,track_order,S57220,Android,RIVERSIDE,838,1
AE00063,C0549,O00656,06/11/2024 15:04,delivery_instruction_update,S42721,Android,EAST,274,1
AE00064,C0515,O00032,16/09/2024 15:36,track_order,S99350,Android,CENTRAL,840,1
AE00065,C0127,O01042,03/04/2024 4:07,delivery_instruction_update,S23520,Android,EAST,287,1
AE00066,C0612,BROWSE_SESSION,19/05/2025 7:41,payment_retry,S90136,Android,RIVERSIDE,60,0
AE00067,C0113,O00822,28/04/2025 1:07,eta_refresh,S57776,Android,NORTH,594,1
AE00068,C0130,O00096,06/04/2024 13:41,chat_opened,S29137,Android,CENTRAL,60,1
AE00069,C0303,BROWSE_SESSION,13/02/2025 15:13,payment_retry,S60656,Android,SOUTH,637,0
AE00070,C0063,O00689,11/06/2025 6:37,chat_opened,S88132,iOS,CENTRAL,477,1
AE00071,C0565,O01092,11/10/2024 6:33,chat_opened,S38006,iOS,EAST,300,1
AE00072,C0006,O00802,10/11/2025 23:09,track_order,S37414,Android,CENTRAL,155,1
AE00073,C0521,BROWSE_SESSION,20/08/2025 22:37,cancel_attempt,S18062,Web,AIRPORT,392,1
AE00074,C0522,BROWSE_SESSION,13/04/2025 0:33,chat_opened,S11111,iOS,AIRPORT,347,1
AE00075,C0439,O00245,22/09/2024 13:20,delivery_instruction_update,S47526,iOS,AIRPORT,463,1
AE00076,C0221,O01006,19/04/2025 7:46,delivery_instruction_update,S50746,Android,EAST,1005,1
AE00077,C0549,O01026,12/06/2024 20:18,search_route,S59198,iOS,EAST,546,1
AE00078,C0328,BROWSE_SESSION,30/04/2025 19:26,eta_refresh,S67487,Android,AIRPORT,853,1
AE00079,C0371,O00950,28/02/2025 12:58,delivery_instruction_update,S75895,iOS,RIVERSIDE,646,1
AE00080,C0181,O00757,08/01/2024 1:12,search_route,S51497,Android,SOUTH,783,1
AE00081,C0182,O00976,14/05/2024 22:41,track_order,S96252,Android,WEST,422,1
AE00082,C0231,O00506,03/12/2025 0:20,search_route,S46240,iOS,EAST,60,1
AE00083,C0215,O00602,12/09/2024 22:25,track_order,S29184,iOS,EAST,265,1
AE00084,C0021,O01124,22/02/2024 2:18,delivery_instruction_update,S65491,iOS,SOUTH,688,1
AE00085,C0634,O01212,20/03/2024 7:47,delivery_instruction_update,S30667,Android,AIRPORT,843,1
AE00086,C0256,BROWSE_SESSION,16/03/2024 1:54,search_route,S82272,iOS,SOUTH,813,1
AE00087,C0218,O00386,27/06/2024 1:58,search_route,S21479,Android,RIVERSIDE,401,1
AE00088,C0157,BROWSE_SESSION,12/06/2024 21:08,chat_opened,S21347,Android,NORTH,561,1
AE00089,C0637,O00619,02/01/2024 17:18,search_route,S54109,Web,NORTH,60,1
AE00090,C0044,O00078,17/07/2025 23:08,payment_retry,S76455,Android,NORTH,820,1
AE00091,C0204,O00772,06/12/2025 6:51,chat_escalated,S24981,iOS,EAST,610,1
AE00092,C0129,O00080,22/04/2025 23:16,eta_refresh,S30798,Android,CENTRAL,522,1
AE00093,C0025,O00405,13/02/2024 15:40,payment_retry,S57429,iOS,EAST,440,1
AE00094,C0010,BROWSE_SESSION,01/08/2025 11:56,track_order,S78031,iOS,SOUTH,573,1
AE00095,C0428,O01057,16/05/2025 1:12,delivery_instruction_update,S81735,Web,WEST,399,1
AE00096,C0424,O00426,07/02/2025 0:14,track_order,S50881,Web,EAST,562,1
AE00097,C0468,O00460,10/06/2025 4:05,payment_retry,S77602,Android,RIVERSIDE,404,0
AE00098,C0101,BROWSE_SESSION,31/01/2025 14:10,chat_escalated,S89859,iOS,RIVERSIDE,401,1
AE00099,C0095,O00709,25/04/2024 0:36,payment_retry,S33955,Android,RIVERSIDE,138,1
AE00100,C0312,BROWSE_SESSION,29/05/2024 17:36,chat_escalated,S86296,Android,AIRPORT,137,0
AE00101,C0149,BROWSE_SESSION,08/08/2025 19:08,cancel_attempt,S34862,Web,CENTRAL,618,1
AE00102,C0272,O01227,13/05/2025 9:40,chat_escalated,S62522,Android,EAST,982,1
AE00103,C0306,O00114,02/10/2025 10:34,payment_retry,S19712,Web,NORTH,551,1
AE00104,C0429,O00170,19/03/2024 16:37,chat_opened,S25315,Android,RIVERSIDE,649,1
AE00105,C0540,O00428,28/05/2024 5:14,cancel_attempt,S64900,iOS,RIVERSIDE,153,1
AE00106,C0360,O01144,25/01/2025 13:47,search_route,S96181,Android,SOUTH,216,1
AE00107,C0081,O00858,24/01/2024 3:08,chat_escalated,S34476,Android,NORTH,449,0
AE00108,C0307,BROWSE_SESSION,27/11/2024 16:15,eta_refresh,S13993,Web,CENTRAL,1285,1
AE00109,C0114,O00393,17/07/2024 12:02,eta_refresh,S22089,Android,AIRPORT,533,1
AE00110,C0382,O00099,03/07/2024 2:04,delivery_instruction_update,S87255,Web,CENTRAL,209,1
AE00111,C0565,O00055,06/02/2025 3:15,cancel_attempt,S80723,Android,RIVERSIDE,219,1
AE00112,C0259,O00051,24/04/2025 8:45,search_route,S67232,Android,CENTRAL,602,1
AE00113,C0540,O01132,27/02/2024 18:25,search_route,S21806,Android,WEST,510,1
AE00114,C0135,O00217,02/06/2025 18:48,eta_refresh,S46677,iOS,WEST,464,1
AE00115,C0012,O00781,29/12/2025 23:12,track_order,S41963,iOS,NORTH,546,1
AE00116,C0237,O00033,16/07/2024 5:19,eta_refresh,S56150,iOS,CENTRAL,422,1
AE00117,C0122,O00043,11/04/2024 11:39,track_order,S18818,Android,NORTH,387,1
AE00118,C0459,O00059,12/07/2024 20:41,track_order,S52877,Android,NORTH,629,1
AE00119,C0153,O00021,13/01/2024 16:25,track_order,S89481,Web,NORTH,628,1
AE00120,C0429,O00367,09/08/2024 8:11,delivery_instruction_update,S53741,Android,CENTRAL,1218,1
AE00121,C0451,O00857,30/09/2025 3:14,payment_retry,S19782,Android,WEST,862,0
AE00122,C0178,O00979,16/07/2025 15:36,eta_refresh,S68778,iOS,EAST,312,1
AE00123,C0250,O00011,15/11/2024 6:53,payment_retry,S15600,Android,CENTRAL,1558,1
AE00124,C0348,BROWSE_SESSION,06/03/2025 23:34,eta_refresh,S29360,Android,EAST,537,1
AE00125,C0430,O01083,22/06/2025 18:22,delivery_instruction_update,S35887,Android,SOUTH,510,1
AE00126,C0343,O00847,13/12/2024 22:02,eta_refresh,S81938,iOS,CENTRAL,433,1
AE00127,C0135,O01205,12/11/2025 1:05,track_order,S33676,Web,WEST,299,1
AE00128,C0139,BROWSE_SESSION,21/03/2025 11:03,chat_opened,S89566,Android,RIVERSIDE,302,1
AE00129,C0234,O01211,28/08/2024 20:20,search_route,S11783,Android,SOUTH,304,1
AE00130,C0499,O00863,12/01/2024 22:22,delivery_instruction_update,S63325,Android,EAST,286,1
AE00131,C0344,O00395,09/12/2025 5:51,eta_refresh,S40076,Android,EAST,751,1
AE00132,C0504,O00741,30/04/2024 13:14,chat_opened,S11696,Android,WEST,375,1
AE00133,C0119,BROWSE_SESSION,13/10/2025 19:59,eta_refresh,S63204,Android,WEST,512,1
AE00134,C0074,O00216,31/12/2024 16:38,eta_refresh,S31994,Android,AIRPORT,368,1
AE00135,C0447,O00395,03/05/2025 11:11,chat_opened,S28174,iOS,EAST,418,1
AE00136,C0324,BROWSE_SESSION,05/09/2025 10:01,payment_retry,S41186,Android,EAST,491,1
AE00137,C0318,O00669,19/07/2024 21:36,search_route,S42305,Android,NORTH,289,1
AE00138,C0495,O00863,04/07/2024 3:28,delivery_instruction_update,S41862,iOS,SOUTH,641,1
AE00139,C0589,O01195,06/04/2024 9:08,track_order,S18650,iOS,SOUTH,263,1
AE00140,C0026,O00312,30/07/2024 22:16,track_order,S35078,iOS,WEST,639,1
AE00141,C0644,O00956,21/07/2024 16:03,track_order,S51247,Android,CENTRAL,901,1
AE00142,C0005,O00103,18/04/2024 4:39,track_order,S33250,Android,WEST,187,1
AE00143,C0025,O00124,18/07/2024 18:59,cancel_attempt,S88076,Android,AIRPORT,1039,1
AE00144,C0347,O00708,08/10/2024 10:04,eta_refresh,S80449,Android,NORTH,648,1
AE00145,C0062,O01049,31/08/2024 23:03,delivery_instruction_update,S88111,iOS,CENTRAL,159,1
AE00146,C0228,O00311,02/08/2025 23:18,track_order,S69169,Android,NORTH,275,1
AE00147,C0128,O00020,28/09/2024 14:16,track_order,S54633,iOS,CENTRAL,836,1
AE00148,C0634,BROWSE_SESSION,16/07/2025 13:16,track_order,S69151,Android,AIRPORT,263,1
AE00149,C0236,O00733,04/03/2024 12:19,delivery_instruction_update,S97668,Android,EAST,191,1
AE00150,C0207,O00017,02/12/2025 8:49,cancel_attempt,S30266,Android,SOUTH,118,1
AE00151,C0472,O00129,24/11/2024 20:48,search_route,S28386,Android,AIRPORT,1035,1
AE00152,C0134,O00890,28/10/2025 12:42,payment_retry,S79279,iOS,EAST,609,1
AE00153,C0540,BROWSE_SESSION,28/10/2024 3:03,search_route,S92690,Android,CENTRAL,360,1
AE00154,C0096,O00813,03/04/2025 0:09,track_order,S26942,iOS,RIVERSIDE,187,1
AE00155,C0256,O01136,19/06/2025 5:14,search_route,S78880,iOS,EAST,780,1
AE00156,C0004,O00998,12/05/2025 19:56,chat_opened,S19094,Android,NORTH,618,1
AE00157,C0568,O01041,05/07/2025 7:53,chat_opened,S94050,Android,EAST,669,1
AE00158,C0444,O00239,01/05/2024 10:17,track_order,S64444,Android,SOUTH,558,1
AE00159,C0057,O01073,10/10/2025 1:20,search_route,S80676,Android,SOUTH,100,1
AE00160,C0351,BROWSE_SESSION,12/09/2025 22:47,chat_opened,S51613,Android,CENTRAL,264,1
AE00161,C0308,O00031,16/06/2024 16:40,search_route,S73430,iOS,EAST,635,1
AE00162,C0277,BROWSE_SESSION,19/10/2024 12:25,cancel_attempt,S90878,iOS,RIVERSIDE,477,1
AE00163,C0159,O00703,30/05/2025 3:46,search_route,S29863,Android,SOUTH,586,1
AE00164,C0028,O00547,13/10/2025 18:52,eta_refresh,S21845,Android,WEST,330,1
AE00165,C0211,O01203,20/11/2024 0:04,track_order,S42312,iOS,WEST,141,1
AE00166,C0152,BROWSE_SESSION,21/08/2024 15:08,chat_escalated,S45482,iOS,SOUTH,60,1
AE00167,C0327,BROWSE_SESSION,24/05/2024 8:39,track_order,S97782,Android,CENTRAL,450,1
AE00168,C0428,O00991,13/11/2024 12:22,track_order,S94225,Android,CENTRAL,160,1
AE00169,C0236,O01007,20/09/2025 0:31,payment_retry,S31565,Android,AIRPORT,252,1
AE00170,C0602,BROWSE_SESSION,24/05/2025 11:07,track_order,S40147,iOS,WEST,642,1
AE00171,C0219,BROWSE_SESSION,05/12/2024 1:18,chat_opened,S45451,iOS,AIRPORT,659,1
AE00172,C0636,BROWSE_SESSION,27/10/2024 2:36,eta_refresh,S15954,iOS,WEST,564,1
AE00173,C0604,O00323,12/05/2024 11:14,eta_refresh,S59591,Web,WEST,772,1
AE00174,C0516,BROWSE_SESSION,17/10/2024 18:43,track_order,S79217,iOS,WEST,418,1
AE00175,C0027,O00040,22/03/2025 9:30,chat_opened,S27542,iOS,NORTH,828,1
AE00176,C0443,O00475,19/04/2025 23:45,track_order,S99435,iOS,EAST,530,1
AE00177,C0431,BROWSE_SESSION,20/10/2025 4:30,chat_opened,S90018,Android,AIRPORT,338,1
AE00178,C0022,BROWSE_SESSION,23/05/2024 5:09,delivery_instruction_update,S15462,Android,EAST,186,1
AE00179,C0634,O00605,20/04/2024 23:19,delivery_instruction_update,S52206,Android,NORTH,231,1
AE00180,C0003,O00599,05/04/2024 22:39,cancel_attempt,S48720,Android,AIRPORT,282,1
AE00181,C0602,BROWSE_SESSION,15/08/2024 12:23,chat_opened,S38965,iOS,EAST,413,1
AE00182,C0438,O01213,26/04/2025 9:51,eta_refresh,S29723,Android,WEST,328,1
AE00183,C0227,BROWSE_SESSION,07/04/2024 12:16,payment_retry,S65322,iOS,RIVERSIDE,76,1
AE00184,C0383,O00290,28/06/2025 12:11,eta_refresh,S10919,Android,AIRPORT,673,1
AE00185,C0540,O00636,01/01/2024 4:02,payment_retry,S50299,Web,EAST,550,1
AE00186,C0297,O00033,09/01/2024 21:50,delivery_instruction_update,S98196,Web,AIRPORT,811,1
AE00187,C0500,BROWSE_SESSION,03/04/2024 4:53,track_order,S84399,iOS,RIVERSIDE,516,1
AE00188,C0576,BROWSE_SESSION,10/03/2025 15:20,chat_opened,S72332,iOS,SOUTH,376,1
AE00189,C0491,O00686,03/08/2024 12:43,chat_opened,S98299,iOS,CENTRAL,320,1
AE00190,C0006,O00220,25/12/2024 13:57,track_order,S89254,Web,WEST,407,1
AE00191,C0559,O00582,06/03/2024 18:13,search_route,S57395,Android,CENTRAL,304,1
AE00192,C0415,O00091,04/04/2025 13:39,eta_refresh,S25456,Web,RIVERSIDE,238,1
AE00193,C0558,O00320,10/08/2024 19:31,payment_retry,S70607,iOS,AIRPORT,1701,1
AE00194,C0502,BROWSE_SESSION,13/04/2025 13:31,track_order,S92171,Web,RIVERSIDE,291,1
AE00195,C0182,O00489,12/02/2024 12:39,track_order,S88300,iOS,RIVERSIDE,553,1
AE00196,C0308,O01227,18/07/2024 11:53,payment_retry,S74695,iOS,AIRPORT,280,0
AE00197,C0287,BROWSE_SESSION,05/01/2024 9:57,track_order,S12792,iOS,SOUTH,222,1
AE00198,C0229,BROWSE_SESSION,10/11/2025 12:31,payment_retry,S61126,iOS,RIVERSIDE,321,1
AE00199,C0458,O00502,05/03/2025 9:23,track_order,S54839,Android,EAST,794,1
AE00200,C0422,O00420,13/11/2025 1:11,eta_refresh,S20454,Android,RIVERSIDE,574,1
AE00201,C0139,O00783,12/08/2024 8:07,eta_refresh,S79498,Android,WEST,60,1
AE00202,C0190,O00008,31/12/2024 22:36,track_order,S46827,Android,RIVERSIDE,747,1
AE00203,C0050,O01110,28/11/2024 23:16,eta_refresh,S88874,iOS,NORTH,792,1
AE00204,C0370,O00390,21/10/2025 12:12,search_route,S14150,iOS,AIRPORT,414,1
AE00205,C0565,O01188,02/12/2025 17:43,search_route,S65549,iOS,WEST,521,1
AE00206,C0540,O00860,10/08/2025 13:22,track_order,S41049,iOS,CENTRAL,423,1
AE00207,C0611,O00360,30/09/2025 5:26,track_order,S85216,iOS,NORTH,443,1
AE00208,C0492,O00439,18/07/2024 8:06,delivery_instruction_update,S14892,iOS,EAST,729,1
AE00209,C0311,O00549,25/06/2025 21:11,search_route,S69288,iOS,EAST,479,1
AE00210,C0066,O00764,17/10/2025 10:22,track_order,S97799,Android,NORTH,610,1
AE00211,C0154,O00597,10/03/2025 18:31,chat_opened,S23758,iOS,NORTH,273,1
AE00212,C0050,O00656,09/12/2024 2:17,chat_escalated,S30429,Web,AIRPORT,474,0
AE00213,C0165,O00825,31/12/2025 1:59,cancel_attempt,S21498,Android,WEST,337,1
AE00214,C0036,O00929,19/11/2024 16:32,chat_escalated,S95975,iOS,CENTRAL,60,1
AE00215,C0408,BROWSE_SESSION,04/11/2024 12:36,eta_refresh,S99032,Web,RIVERSIDE,753,1
AE00216,C0353,O00689,15/02/2025 6:05,track_order,S56502,Android,WEST,193,1
AE00217,C0489,O00452,22/04/2024 18:38,track_order,S41923,iOS,EAST,523,1
AE00218,C0638,O00997,11/07/2024 7:41,search_route,S93085,Android,AIRPORT,137,1
AE00219,C0495,O00473,06/11/2024 10:57,cancel_attempt,S46630,iOS,CENTRAL,371,1
AE00220,C0469,O00413,02/10/2025 15:05,search_route,S61687,iOS,AIRPORT,1046,1
AE00221,C0309,O01074,16/08/2025 1:12,delivery_instruction_update,S93181,Android,WEST,584,1
AE00222,C0511,O00539,13/09/2024 9:38,search_route,S16455,Android,WEST,606,1
AE00223,C0506,BROWSE_SESSION,05/01/2025 2:35,eta_refresh,S19581,Android,RIVERSIDE,717,1
AE00224,C0611,BROWSE_SESSION,03/12/2025 15:48,chat_escalated,S69785,Android,NORTH,433,1
AE00225,C0105,O00659,03/07/2025 18:05,search_route,S69038,Android,SOUTH,401,1
AE00226,C0259,O00918,10/07/2025 21:37,track_order,S12105,Android,CENTRAL,581,1
AE00227,C0194,O00918,11/06/2024 2:54,delivery_instruction_update,S26318,iOS,RIVERSIDE,241,1
AE00228,C0220,O01213,18/03/2024 10:58,track_order,S31464,Android,NORTH,261,1
AE00229,C0392,O00450,29/01/2024 3:08,track_order,S32859,iOS,RIVERSIDE,484,1
AE00230,C0467,O00698,02/06/2025 0:55,payment_retry,S79237,Web,WEST,368,1
AE00231,C0375,O00188,28/02/2024 0:09,chat_opened,S62538,iOS,RIVERSIDE,394,1
AE00232,C0475,O00336,10/06/2025 10:39,chat_opened,S19410,iOS,NORTH,614,1
AE00233,C0144,O00990,06/09/2025 23:35,search_route,S25207,Web,SOUTH,440,1
AE00234,C0447,O00068,16/05/2025 4:24,search_route,S16617,iOS,CENTRAL,718,1
AE00235,C0102,O00065,28/07/2024 16:08,track_order,S32192,Android,EAST,531,1
AE00236,C0215,O00722,23/08/2024 22:05,payment_retry,S66874,iOS,AIRPORT,478,1
AE00237,C0375,O00581,26/05/2024 13:58,eta_refresh,S75980,Android,EAST,339,1
AE00238,C0611,O00098,30/10/2024 2:43,delivery_instruction_update,S27480,Web,AIRPORT,321,1
AE00239,C0291,O00746,15/03/2025 3:20,chat_escalated,S83143,iOS,RIVERSIDE,215,1
AE00240,C0109,O00771,08/12/2025 3:46,chat_opened,S68728,Android,CENTRAL,895,1
AE00241,C0024,O00814,28/06/2024 6:51,chat_opened,S22478,iOS,RIVERSIDE,624,1
AE00242,C0070,O00627,18/04/2024 10:54,delivery_instruction_update,S59972,iOS,CENTRAL,792,1
AE00243,C0217,O00878,05/07/2024 13:59,chat_opened,S89574,Android,NORTH,646,1
AE00244,C0355,O01236,17/02/2024 0:42,chat_escalated,S49312,Android,EAST,487,0
AE00245,C0159,O00570,25/06/2025 22:42,search_route,S22380,Web,SOUTH,757,1
AE00246,C0173,O00188,26/09/2025 8:26,search_route,S73690,iOS,EAST,490,1
AE00247,C0056,BROWSE_SESSION,04/05/2025 18:58,delivery_instruction_update,S49126,Android,EAST,734,1
AE00248,C0558,O01118,14/02/2024 7:02,payment_retry,S95292,iOS,RIVERSIDE,488,1
AE00249,C0120,BROWSE_SESSION,20/10/2025 11:10,payment_retry,S60781,Android,SOUTH,591,0
AE00250,C0409,BROWSE_SESSION,20/03/2024 14:32,delivery_instruction_update,S80264,Web,RIVERSIDE,553,1
AE00251,C0623,O00162,16/02/2024 23:07,payment_retry,S96369,Android,CENTRAL,375,1
AE00252,C0202,O00936,24/04/2024 5:08,track_order,S97343,iOS,AIRPORT,278,1
AE00253,C0485,O01098,13/12/2025 20:05,chat_escalated,S76383,Android,WEST,799,1
AE00254,C0419,O00265,19/03/2024 5:42,track_order,S69799,iOS,EAST,543,1
AE00255,C0563,O00972,11/04/2024 10:46,payment_retry,S15134,Android,CENTRAL,376,1
AE00256,C0447,O00220,08/10/2025 16:41,delivery_instruction_update,S35671,Android,SOUTH,466,1
AE00257,C0643,BROWSE_SESSION,16/07/2025 12:39,eta_refresh,S34258,iOS,CENTRAL,545,1
AE00258,C0489,O00812,24/09/2025 21:15,payment_retry,S53794,Web,RIVERSIDE,60,0
AE00259,C0055,O01208,21/06/2025 16:57,delivery_instruction_update,S66374,iOS,WEST,247,1
AE00260,C0109,O00932,25/10/2024 12:28,cancel_attempt,S74608,Web,AIRPORT,350,1
AE00261,C0433,O00167,10/02/2025 10:12,search_route,S51615,Android,RIVERSIDE,236,1
AE00262,C0079,O00532,21/12/2024 16:48,search_route,S78668,Web,EAST,392,1
AE00263,C0330,O01163,14/02/2024 18:08,track_order,S98156,Web,RIVERSIDE,60,1
AE00264,C0134,BROWSE_SESSION,25/02/2024 19:03,track_order,S46151,iOS,WEST,60,1
AE00265,C0192,O01137,06/11/2024 3:00,chat_opened,S53981,Android,CENTRAL,1240,1
AE00266,C0378,O00856,12/12/2024 10:44,search_route,S22322,Android,AIRPORT,536,1
AE00267,C0473,BROWSE_SESSION,19/09/2024 5:09,eta_refresh,S55731,iOS,RIVERSIDE,542,1
AE00268,C0377,O01202,04/05/2024 16:58,eta_refresh,S22564,iOS,WEST,429,1
AE00269,C0325,O00863,15/08/2025 22:29,delivery_instruction_update,S64498,Android,RIVERSIDE,304,1
AE00270,C0578,O00326,09/09/2025 1:15,chat_opened,S29661,Android,AIRPORT,503,1
AE00271,C0322,O01193,19/10/2025 21:23,search_route,S43982,Web,NORTH,627,1
AE00272,C0338,O01203,02/03/2025 4:57,eta_refresh,S33897,iOS,EAST,190,1
AE00273,C0433,O01067,28/05/2024 5:11,track_order,S48118,Web,RIVERSIDE,134,1
AE00274,C0049,O01167,27/09/2025 15:25,track_order,S94086,Android,RIVERSIDE,495,1
AE00275,C0485,O00676,12/06/2024 17:54,delivery_instruction_update,S57005,Android,NORTH,279,1
AE00276,C0111,O01221,21/01/2025 11:43,search_route,S73488,Android,SOUTH,300,1
AE00277,C0580,O00409,26/12/2024 15:48,payment_retry,S59602,Android,WEST,552,0
AE00278,C0337,O01073,12/11/2024 3:16,chat_opened,S88214,Android,CENTRAL,421,1
AE00279,C0112,O01215,20/02/2025 21:24,track_order,S90848,Android,NORTH,582,1
AE00280,C0456,O00907,31/12/2025 18:05,track_order,S12463,iOS,NORTH,251,1
AE00281,C0310,O00397,06/03/2024 12:05,search_route,S39460,Android,SOUTH,457,1
AE00282,C0234,BROWSE_SESSION,08/08/2024 19:03,chat_opened,S29738,iOS,WEST,1007,1
AE00283,C0589,O00589,19/09/2024 14:25,payment_retry,S32645,Android,SOUTH,362,1
AE00284,C0604,O00371,26/10/2025 11:28,search_route,S76025,Android,EAST,60,1
AE00285,C0440,O00539,25/12/2025 16:11,search_route,S17327,iOS,AIRPORT,414,1
AE00286,C0358,BROWSE_SESSION,18/02/2024 7:54,search_route,S60811,iOS,CENTRAL,364,1
AE00287,C0573,O00074,02/05/2024 5:45,search_route,S30431,Android,EAST,571,1
AE00288,C0273,O00480,21/07/2025 17:12,cancel_attempt,S63671,Android,NORTH,60,1
AE00289,C0207,O00654,02/03/2024 10:12,payment_retry,S19707,Android,RIVERSIDE,343,1
AE00290,C0399,O00951,01/08/2025 22:46,delivery_instruction_update,S84446,Android,EAST,457,1
AE00291,C0312,O00330,17/12/2024 21:44,track_order,S95883,Android,WEST,405,1
AE00292,C0520,O00929,16/10/2025 23:21,eta_refresh,S72274,iOS,NORTH,60,1
AE00293,C0073,O00609,10/07/2024 13:17,chat_escalated,S78813,Android,WEST,1074,1
AE00294,C0492,O00876,27/11/2025 2:21,track_order,S33068,Android,WEST,405,1
AE00295,C0449,O01002,30/03/2025 0:14,payment_retry,S13138,Android,WEST,246,1
AE00296,C0471,O00635,30/06/2025 16:35,eta_refresh,S10325,Android,RIVERSIDE,187,1
AE00297,C0411,O01163,25/03/2025 1:02,payment_retry,S30130,iOS,CENTRAL,565,1
AE00298,C0107,O01189,14/06/2025 12:47,track_order,S71004,iOS,EAST,78,1
AE00299,C0451,BROWSE_SESSION,27/03/2025 21:53,eta_refresh,S92082,Web,SOUTH,529,1
AE00300,C0014,O00867,16/08/2024 0:18,eta_refresh,S10509,Android,NORTH,214,1
AE00301,C0503,BROWSE_SESSION,15/04/2024 18:05,eta_refresh,S91821,iOS,NORTH,294,1
AE00302,C0555,O00728,31/03/2025 12:56,chat_opened,S23029,Web,NORTH,692,1
AE00303,C0274,O00142,01/01/2025 7:52,cancel_attempt,S47090,Web,SOUTH,233,1
AE00304,C0401,O00211,25/10/2025 4:43,search_route,S24776,Web,NORTH,324,1
AE00305,C0428,O00667,12/02/2024 16:22,eta_refresh,S55317,iOS,EAST,226,1
AE00306,C0401,O00753,28/08/2024 19:44,chat_escalated,S68086,iOS,EAST,265,1
AE00307,C0173,O00956,09/01/2025 16:55,chat_escalated,S58130,Android,CENTRAL,270,0
AE00308,C0182,O00880,01/04/2025 8:58,eta_refresh,S58033,iOS,CENTRAL,535,1
AE00309,C0169,O01161,15/12/2024 6:35,delivery_instruction_update,S21517,Android,WEST,295,1
AE00310,C0229,O01161,25/09/2025 4:08,chat_opened,S21891,iOS,WEST,206,1
AE00311,C0312,BROWSE_SESSION,26/08/2024 16:45,chat_escalated,S51997,iOS,WEST,243,1
AE00312,C0517,BROWSE_SESSION,26/11/2025 3:53,eta_refresh,S16386,Android,RIVERSIDE,512,1
AE00313,C0337,O00032,18/11/2025 21:27,track_order,S88456,Android,WEST,400,1
AE00314,C0047,O00755,20/12/2024 19:40,cancel_attempt,S71075,iOS,SOUTH,579,1
AE00315,C0137,O00044,13/02/2025 8:27,delivery_instruction_update,S89689,Android,WEST,296,1
AE00316,C0304,O01244,17/02/2025 13:00,eta_refresh,S25067,Android,AIRPORT,440,1
AE00317,C0014,O00912,03/05/2025 14:40,track_order,S67860,Web,RIVERSIDE,584,1
AE00318,C0031,O00212,01/01/2024 15:57,track_order,S16209,iOS,AIRPORT,668,1
AE00319,C0330,BROWSE_SESSION,10/08/2025 16:14,track_order,S94639,Android,NORTH,231,1
AE00320,C0244,O00884,29/10/2024 23:06,chat_opened,S67074,Android,NORTH,60,1
AE00321,C0239,O00437,01/02/2024 21:51,search_route,S46797,iOS,RIVERSIDE,356,1
AE00322,C0481,O00344,26/01/2024 21:37,eta_refresh,S17051,Android,RIVERSIDE,147,1
AE00323,C0648,O01237,11/03/2025 3:52,payment_retry,S20836,iOS,CENTRAL,752,0
AE00324,C0078,O00721,22/05/2025 15:38,eta_refresh,S34536,Web,EAST,310,1
AE00325,C0479,O00062,29/06/2024 12:26,eta_refresh,S70624,Android,NORTH,180,1
AE00326,C0518,O00946,01/07/2025 13:21,track_order,S29534,iOS,AIRPORT,202,1
AE00327,C0186,O00341,13/02/2024 16:18,search_route,S92655,Web,CENTRAL,311,1
AE00328,C0517,BROWSE_SESSION,05/12/2024 5:55,track_order,S81197,Android,NORTH,76,1
AE00329,C0172,O00193,21/08/2024 13:52,track_order,S67439,Android,AIRPORT,387,1
AE00330,C0479,O00220,04/06/2024 23:57,payment_retry,S57427,Web,AIRPORT,577,1
AE00331,C0227,BROWSE_SESSION,28/09/2024 3:50,eta_refresh,S87401,Web,SOUTH,731,1
AE00332,C0247,O00391,23/04/2024 6:44,chat_opened,S99938,Android,WEST,409,1
AE00333,C0138,O00453,05/05/2024 18:40,chat_opened,S20673,iOS,NORTH,944,1
AE00334,C0274,BROWSE_SESSION,15/03/2025 1:52,track_order,S60524,Web,CENTRAL,313,1
AE00335,C0520,O00499,01/08/2025 1:29,chat_opened,S97260,iOS,EAST,389,1
AE00336,C0467,BROWSE_SESSION,20/01/2025 1:08,payment_retry,S49538,Web,EAST,468,1
AE00337,C0529,O00319,19/05/2025 5:31,search_route,S60782,iOS,AIRPORT,385,1
AE00338,C0257,O00890,01/08/2024 9:26,payment_retry,S92069,Android,SOUTH,523,1
AE00339,C0316,BROWSE_SESSION,04/06/2025 13:22,search_route,S71556,iOS,AIRPORT,590,1
AE00340,C0330,O00762,11/06/2024 14:01,track_order,S97505,iOS,EAST,444,1
AE00341,C0537,O01121,24/06/2025 7:43,chat_opened,S44241,iOS,RIVERSIDE,527,1
AE00342,C0245,O00134,26/02/2025 11:20,delivery_instruction_update,S34258,Android,WEST,897,1
AE00343,C0113,BROWSE_SESSION,18/03/2025 8:14,eta_refresh,S30321,Android,CENTRAL,595,1
AE00344,C0429,BROWSE_SESSION,14/05/2024 9:28,chat_escalated,S24008,Web,CENTRAL,998,0
AE00345,C0535,O01106,25/10/2025 23:21,track_order,S27492,iOS,NORTH,425,1
AE00346,C0367,O00864,24/07/2025 12:46,track_order,S85123,Android,EAST,466,1
AE00347,C0198,BROWSE_SESSION,19/11/2024 11:28,track_order,S52660,Web,SOUTH,632,1
AE00348,C0470,O00950,06/05/2025 6:45,chat_opened,S12702,Android,CENTRAL,73,1
AE00349,C0568,O00258,01/07/2025 1:46,search_route,S68625,Android,CENTRAL,599,1
AE00350,C0440,O00649,11/07/2024 13:26,chat_escalated,S55047,Web,RIVERSIDE,431,1
AE00351,C0374,BROWSE_SESSION,10/08/2024 14:40,chat_opened,S77770,iOS,RIVERSIDE,665,1
AE00352,C0372,O01052,04/07/2025 15:37,payment_retry,S40310,Android,EAST,339,0
AE00353,C0467,O01164,19/06/2025 3:46,track_order,S84118,Web,AIRPORT,1240,1
AE00354,C0240,O00522,31/12/2025 9:17,payment_retry,S88059,iOS,AIRPORT,224,1
AE00355,C0024,O00498,05/09/2025 7:19,eta_refresh,S50272,Web,CENTRAL,162,1
AE00356,C0188,BROWSE_SESSION,02/06/2025 5:26,delivery_instruction_update,S19198,Android,AIRPORT,439,1
AE00357,C0237,O00715,31/03/2024 9:46,track_order,S58207,Android,WEST,155,1
AE00358,C0150,BROWSE_SESSION,15/09/2025 7:41,cancel_attempt,S49398,iOS,WEST,436,1
AE00359,C0246,O00285,20/07/2025 17:10,chat_opened,S75742,Android,NORTH,421,1
AE00360,C0494,BROWSE_SESSION,24/08/2024 23:13,search_route,S90549,Android,SOUTH,546,1
AE00361,C0107,O01138,11/08/2024 22:50,chat_opened,S52326,Android,AIRPORT,1690,1
AE00362,C0110,O00472,18/05/2025 6:34,cancel_attempt,S41990,Android,CENTRAL,712,1
AE00363,C0502,BROWSE_SESSION,27/05/2024 9:15,eta_refresh,S13723,iOS,WEST,314,1
AE00364,C0442,O00437,28/12/2025 12:16,chat_opened,S62470,Android,WEST,191,1
AE00365,C0495,BROWSE_SESSION,26/05/2024 0:06,track_order,S52410,Web,SOUTH,345,1
AE00366,C0303,O00876,12/02/2025 17:14,track_order,S28427,iOS,EAST,374,1
AE00367,C0422,BROWSE_SESSION,09/12/2025 8:52,payment_retry,S64636,iOS,RIVERSIDE,250,0
AE00368,C0198,O00108,13/05/2024 12:41,eta_refresh,S81518,iOS,SOUTH,690,1
AE00369,C0233,O00056,03/07/2025 19:28,payment_retry,S64693,Android,SOUTH,767,1
AE00370,C0143,O00349,04/11/2025 5:48,track_order,S81391,Android,SOUTH,248,1
AE00371,C0465,O00120,02/09/2025 4:20,delivery_instruction_update,S69933,Android,SOUTH,567,1
AE00372,C0031,O01153,11/01/2025 8:26,chat_escalated,S31367,Android,NORTH,421,0
AE00373,C0428,O00887,05/06/2024 0:55,eta_refresh,S30198,Web,AIRPORT,749,1
AE00374,C0235,BROWSE_SESSION,27/07/2025 14:49,delivery_instruction_update,S26479,Android,SOUTH,446,1
AE00375,C0191,O01124,22/03/2025 13:47,delivery_instruction_update,S67260,iOS,RIVERSIDE,669,1
AE00376,C0097,O00348,15/10/2025 6:18,track_order,S46372,Android,EAST,337,1
AE00377,C0144,O00866,14/11/2024 8:15,eta_refresh,S75566,Android,SOUTH,60,1
AE00378,C0528,O01093,17/07/2025 3:13,track_order,S64607,iOS,AIRPORT,668,1
AE00379,C0649,O00517,27/02/2024 15:55,chat_opened,S53800,iOS,SOUTH,301,1
AE00380,C0134,O01002,21/12/2025 9:44,eta_refresh,S23762,Android,CENTRAL,60,1
AE00381,C0573,O00812,17/04/2025 7:41,eta_refresh,S64472,Android,EAST,517,1
AE00382,C0361,O01249,02/11/2025 7:29,eta_refresh,S86079,iOS,CENTRAL,428,1
AE00383,C0313,O01239,08/07/2025 22:02,chat_escalated,S25556,iOS,NORTH,534,1
AE00384,C0425,O00303,13/07/2025 15:37,payment_retry,S91940,Android,AIRPORT,265,1
AE00385,C0331,O01246,23/02/2025 3:07,delivery_instruction_update,S85959,iOS,RIVERSIDE,636,1
AE00386,C0269,O01127,20/03/2025 5:38,chat_opened,S72987,iOS,EAST,436,1
AE00387,C0430,BROWSE_SESSION,23/12/2024 11:44,eta_refresh,S12449,Android,CENTRAL,1103,1
AE00388,C0437,BROWSE_SESSION,07/07/2025 13:49,payment_retry,S40594,Android,CENTRAL,363,1
AE00389,C0026,O00884,14/07/2024 21:54,search_route,S34019,Web,AIRPORT,1265,1
AE00390,C0140,BROWSE_SESSION,17/06/2025 17:49,delivery_instruction_update,S39323,iOS,EAST,324,1
AE00391,C0058,BROWSE_SESSION,01/06/2024 7:38,eta_refresh,S98672,Web,WEST,68,1
AE00392,C0617,BROWSE_SESSION,25/07/2024 22:02,chat_opened,S55184,Android,SOUTH,552,1
AE00393,C0406,O01209,01/01/2025 9:37,chat_escalated,S87121,iOS,WEST,324,1
AE00394,C0292,O01005,26/04/2025 9:01,chat_opened,S35246,iOS,EAST,267,1
AE00395,C0016,O00748,30/04/2024 2:38,search_route,S79318,iOS,AIRPORT,161,1
AE00396,C0564,O00111,02/01/2024 3:02,track_order,S54033,Web,AIRPORT,1633,1
AE00397,C0517,O00180,16/08/2024 20:27,search_route,S72253,iOS,AIRPORT,676,1
AE00398,C0317,BROWSE_SESSION,24/04/2025 2:57,track_order,S10823,Android,RIVERSIDE,442,1
AE00399,C0617,BROWSE_SESSION,03/04/2025 23:33,search_route,S59034,iOS,AIRPORT,504,1
AE00400,C0256,O01216,07/10/2024 4:49,search_route,S90819,iOS,NORTH,149,1
AE00401,C0401,BROWSE_SESSION,10/08/2025 10:58,eta_refresh,S66819,Android,WEST,692,1
AE00402,C0459,O00554,15/01/2025 8:37,track_order,S46288,iOS,SOUTH,655,1
AE00403,C0180,O00149,19/03/2025 9:20,payment_retry,S10192,Android,CENTRAL,108,1
AE00404,C0121,O01227,05/04/2025 9:01,eta_refresh,S46724,iOS,RIVERSIDE,521,1
AE00405,C0534,O00754,26/10/2024 21:19,search_route,S47493,Android,AIRPORT,391,1
AE00406,C0347,BROWSE_SESSION,14/04/2024 8:45,search_route,S35157,Web,SOUTH,314,1
AE00407,C0323,O00442,12/01/2025 17:00,track_order,S11233,iOS,RIVERSIDE,435,1
AE00408,C0188,O01142,27/01/2024 6:30,delivery_instruction_update,S52727,Android,WEST,94,1
AE00409,C0553,O00968,18/05/2025 14:10,payment_retry,S15466,Android,SOUTH,247,1
AE00410,C0377,O00170,15/08/2024 13:48,cancel_attempt,S21027,Android,CENTRAL,556,1
AE00411,C0232,O00652,11/07/2025 6:55,eta_refresh,S54027,Web,WEST,318,1
AE00412,C0005,BROWSE_SESSION,17/12/2025 3:49,search_route,S77981,Android,WEST,363,1
AE00413,C0615,O00548,30/06/2025 19:24,chat_opened,S29100,Web,EAST,415,1
AE00414,C0347,BROWSE_SESSION,27/11/2025 13:43,delivery_instruction_update,S35015,Android,AIRPORT,863,1
AE00415,C0073,BROWSE_SESSION,14/01/2025 7:33,track_order,S23089,Android,EAST,189,1
AE00416,C0567,BROWSE_SESSION,03/12/2024 9:17,payment_retry,S49000,Android,SOUTH,377,1
AE00417,C0381,O01091,26/05/2025 16:35,payment_retry,S83880,Android,WEST,93,0
AE00418,C0012,O01122,06/11/2025 16:41,track_order,S77156,Android,WEST,489,1
AE00419,C0098,BROWSE_SESSION,13/12/2025 6:08,chat_escalated,S21703,iOS,SOUTH,218,0
AE00420,C0292,O00068,12/07/2025 13:05,track_order,S85103,Android,NORTH,313,1
AE00421,C0248,BROWSE_SESSION,29/05/2025 14:18,payment_retry,S91752,Web,RIVERSIDE,626,1
AE00422,C0441,O00626,03/05/2024 17:49,eta_refresh,S44698,Android,AIRPORT,1148,1
AE00423,C0397,BROWSE_SESSION,17/08/2024 11:02,payment_retry,S97087,Android,EAST,417,1
AE00424,C0122,O00515,30/01/2025 1:54,track_order,S63816,Android,AIRPORT,863,1
AE00425,C0444,O00651,13/12/2025 7:30,track_order,S51771,Web,AIRPORT,427,1
AE00426,C0232,O00442,06/01/2024 16:17,eta_refresh,S91627,Android,EAST,385,1
AE00427,C0163,BROWSE_SESSION,11/09/2024 8:22,delivery_instruction_update,S86956,Android,NORTH,336,1
AE00428,C0410,BROWSE_SESSION,14/03/2024 5:03,chat_opened,S38484,Android,CENTRAL,242,1
AE00429,C0604,O00119,29/05/2025 18:52,delivery_instruction_update,S89816,iOS,RIVERSIDE,374,1
AE00430,C0293,O00589,27/02/2025 18:39,eta_refresh,S54890,Android,NORTH,507,1
AE00431,C0498,O00890,12/12/2024 2:40,search_route,S42910,Android,SOUTH,840,1
AE00432,C0566,BROWSE_SESSION,22/08/2025 15:42,search_route,S57637,Android,NORTH,489,1
AE00433,C0505,O01229,08/11/2024 11:31,cancel_attempt,S95338,Web,SOUTH,173,1
AE00434,C0568,O00624,01/07/2024 20:26,track_order,S65887,Android,EAST,572,1
AE00435,C0443,BROWSE_SESSION,19/09/2024 15:35,eta_refresh,S85198,Android,SOUTH,627,1
AE00436,C0105,O00400,11/09/2024 1:02,payment_retry,S32334,iOS,RIVERSIDE,607,1
AE00437,C0039,O01030,22/01/2024 18:04,payment_retry,S89304,iOS,WEST,153,0
AE00438,C0141,O00110,03/06/2025 18:59,eta_refresh,S56257,Android,RIVERSIDE,880,1
AE00439,C0266,O00694,22/06/2025 20:44,chat_opened,S88251,iOS,SOUTH,442,1
AE00440,C0343,O00175,10/10/2024 7:45,eta_refresh,S65286,Android,EAST,343,1
AE00441,C0410,O00491,03/02/2025 5:01,track_order,S20334,Android,EAST,633,1
AE00442,C0399,O01089,29/03/2024 12:18,chat_opened,S61743,iOS,AIRPORT,613,1
AE00443,C0352,O00052,17/06/2024 16:24,track_order,S44595,Web,NORTH,427,1
AE00444,C0033,O00457,27/10/2025 22:48,chat_opened,S80276,Android,CENTRAL,444,1
AE00445,C0059,O00368,28/08/2024 18:45,search_route,S64535,Android,EAST,257,1
AE00446,C0363,BROWSE_SESSION,08/12/2024 21:41,delivery_instruction_update,S49168,iOS,SOUTH,295,1
AE00447,C0482,BROWSE_SESSION,27/05/2024 0:40,cancel_attempt,S25973,Android,AIRPORT,427,1
AE00448,C0116,O00640,03/06/2025 6:20,payment_retry,S60860,Web,WEST,696,1
AE00449,C0448,O01046,16/05/2025 16:42,track_order,S75654,Android,CENTRAL,354,1
AE00450,C0127,O00569,17/10/2024 16:23,cancel_attempt,S31505,Android,RIVERSIDE,481,1
AE00451,C0263,O00397,19/04/2024 20:58,payment_retry,S48520,Web,NORTH,566,1
AE00452,C0328,O01033,14/10/2025 21:53,payment_retry,S67845,Android,SOUTH,865,1
AE00453,C0533,O01050,07/01/2025 7:22,eta_refresh,S27396,Android,SOUTH,60,1
AE00454,C0319,BROWSE_SESSION,16/06/2024 7:27,cancel_attempt,S86441,Android,SOUTH,619,1
AE00455,C0185,BROWSE_SESSION,15/06/2025 6:13,delivery_instruction_update,S73947,iOS,RIVERSIDE,144,1
AE00456,C0065,O00468,26/08/2025 0:32,chat_opened,S41927,iOS,WEST,445,1
AE00457,C0646,BROWSE_SESSION,02/04/2025 8:36,payment_retry,S34228,Web,AIRPORT,881,1
AE00458,C0227,BROWSE_SESSION,08/02/2024 23:26,search_route,S49487,Android,NORTH,606,1
AE00459,C0530,O00259,01/05/2025 22:20,eta_refresh,S39920,Android,RIVERSIDE,633,1
AE00460,C0207,BROWSE_SESSION,08/04/2025 18:47,cancel_attempt,S22911,iOS,RIVERSIDE,253,1
AE00461,C0338,O00694,20/01/2025 13:17,search_route,S99353,Android,SOUTH,560,1
AE00462,C0306,O00871,08/07/2024 17:38,track_order,S25207,Web,AIRPORT,1403,1
AE00463,C0632,O00578,12/12/2025 16:29,search_route,S67860,iOS,WEST,459,1
AE00464,C0141,BROWSE_SESSION,13/06/2025 2:18,chat_opened,S99949,Android,EAST,498,1
AE00465,C0405,O00472,14/10/2024 12:40,payment_retry,S46496,Android,NORTH,289,1
AE00466,C0340,O00877,07/02/2025 4:03,delivery_instruction_update,S79340,iOS,NORTH,741,1
AE00467,C0020,O00568,16/11/2024 21:24,eta_refresh,S88112,Web,NORTH,72,1
AE00468,C0256,O00270,21/08/2025 17:49,chat_opened,S77533,Android,AIRPORT,386,1
AE00469,C0364,O00426,01/10/2025 2:21,chat_opened,S25925,Android,NORTH,230,1
AE00470,C0426,O00313,12/07/2024 14:41,chat_opened,S38146,iOS,NORTH,630,1
AE00471,C0483,BROWSE_SESSION,30/08/2024 13:38,track_order,S61566,iOS,RIVERSIDE,535,1
AE00472,C0598,O00433,03/08/2024 9:44,search_route,S33427,iOS,WEST,400,1
AE00473,C0237,O00215,30/01/2025 21:28,payment_retry,S43089,Android,CENTRAL,404,1
AE00474,C0395,O01240,06/11/2025 13:46,chat_opened,S54474,Android,WEST,476,1
AE00475,C0408,O00456,20/11/2025 4:29,track_order,S71913,iOS,SOUTH,763,1
AE00476,C0523,O00217,23/04/2024 5:35,track_order,S88872,Web,WEST,294,1
AE00477,C0266,BROWSE_SESSION,30/03/2024 19:25,delivery_instruction_update,S53022,iOS,AIRPORT,365,1
AE00478,C0629,O00162,04/08/2024 19:21,cancel_attempt,S92557,iOS,WEST,511,1
AE00479,C0607,O00836,09/01/2025 13:34,eta_refresh,S96851,iOS,WEST,266,1
AE00480,C0376,O00946,17/09/2025 13:25,eta_refresh,S83765,Web,WEST,655,1
AE00481,C0120,O00026,09/02/2025 9:36,eta_refresh,S31920,iOS,WEST,486,1
AE00482,C0538,O01053,25/05/2025 15:42,track_order,S90703,Android,CENTRAL,363,1
AE00483,C0220,O00464,05/08/2025 22:34,payment_retry,S60131,Android,NORTH,378,1
AE00484,C0409,O00954,08/09/2024 7:04,chat_opened,S54681,Android,EAST,366,1
AE00485,C0286,O00820,22/03/2025 14:00,search_route,S27241,iOS,CENTRAL,650,1
AE00486,C0642,O01090,24/11/2024 12:57,delivery_instruction_update,S44319,Web,EAST,445,1
AE00487,C0113,O00668,30/03/2024 3:51,search_route,S82488,Web,RIVERSIDE,407,1
AE00488,C0403,O00609,02/06/2025 2:06,payment_retry,S49774,iOS,NORTH,504,0
AE00489,C0216,O00923,06/09/2025 7:08,search_route,S25859,Web,AIRPORT,93,1
AE00490,C0092,O00951,16/11/2024 7:23,track_order,S49678,Android,CENTRAL,629,1
AE00491,C0280,O00387,28/10/2024 12:40,eta_refresh,S83479,iOS,EAST,379,1
AE00492,C0626,O00321,27/09/2025 14:21,chat_escalated,S90324,Web,CENTRAL,732,0
AE00493,C0032,O00014,16/10/2025 22:09,search_route,S81341,Android,WEST,609,1
AE00494,C0066,BROWSE_SESSION,17/12/2024 10:58,track_order,S87386,Android,EAST,204,1
AE00495,C0152,O00180,26/05/2025 14:42,eta_refresh,S19414,iOS,NORTH,461,1
AE00496,C0449,O00883,21/02/2024 7:36,chat_escalated,S79276,Android,SOUTH,699,1
AE00497,C0019,O00629,09/10/2024 4:18,search_route,S48419,Android,SOUTH,570,1
AE00498,C0621,BROWSE_SESSION,05/04/2025 12:19,chat_opened,S97305,iOS,AIRPORT,234,1
AE00499,C0067,BROWSE_SESSION,15/01/2025 23:40,track_order,S64477,Android,RIVERSIDE,322,1
AE00500,C0044,O01025,09/11/2025 5:18,cancel_attempt,S17169,Android,RIVERSIDE,401,1
AE00501,C0088,BROWSE_SESSION,21/03/2024 9:36,chat_opened,S85870,iOS,SOUTH,317,1
AE00502,C0298,O00586,11/06/2025 10:21,delivery_instruction_update,S37174,iOS,RIVERSIDE,339,1
AE00503,C0112,O00001,02/08/2024 12:35,delivery_instruction_update,S44209,Android,RIVERSIDE,204,1
AE00504,C0530,O00911,27/09/2024 20:14,eta_refresh,S26188,iOS,NORTH,650,1
AE00505,C0126,O00933,16/07/2025 13:22,delivery_instruction_update,S77180,Web,RIVERSIDE,60,1
AE00506,C0521,O00847,12/06/2025 23:24,search_route,S52317,Android,NORTH,746,1
AE00507,C0613,O00916,30/12/2025 23:05,eta_refresh,S75035,iOS,EAST,805,1
AE00508,C0247,BROWSE_SESSION,05/01/2024 3:05,search_route,S40964,iOS,AIRPORT,661,1
AE00509,C0408,O00111,01/09/2025 23:13,delivery_instruction_update,S54652,iOS,NORTH,558,1
AE00510,C0622,O01201,10/09/2025 5:05,chat_opened,S76345,Android,WEST,200,1
AE00511,C0603,O00263,23/02/2025 7:32,eta_refresh,S15323,Android,SOUTH,626,1
AE00512,C0089,O00210,09/04/2024 8:22,payment_retry,S31359,iOS,CENTRAL,171,1
AE00513,C0128,BROWSE_SESSION,15/12/2025 19:45,chat_escalated,S83961,Android,CENTRAL,387,0
AE00514,C0479,O00130,16/04/2024 7:25,track_order,S88181,Android,WEST,563,1
AE00515,C0239,O00552,10/08/2025 23:50,track_order,S66252,iOS,SOUTH,241,1
AE00516,C0054,O00305,19/08/2024 7:16,eta_refresh,S55049,Android,WEST,695,1
AE00517,C0089,O00288,06/01/2025 0:09,eta_refresh,S30949,Android,RIVERSIDE,358,1
AE00518,C0313,O00598,20/03/2025 18:15,cancel_attempt,S42373,Android,SOUTH,60,1
AE00519,C0425,O00482,13/03/2025 19:45,delivery_instruction_update,S91220,Android,SOUTH,472,1
AE00520,C0221,O00875,30/11/2025 11:23,delivery_instruction_update,S38093,iOS,SOUTH,60,1
AE00521,C0542,O01079,26/08/2024 3:38,eta_refresh,S43006,Android,AIRPORT,153,1
AE00522,C0495,O00380,09/01/2024 3:41,eta_refresh,S15468,iOS,AIRPORT,247,1
AE00523,C0212,BROWSE_SESSION,13/08/2025 15:36,delivery_instruction_update,S34133,Android,CENTRAL,990,1
AE00524,C0377,O00759,17/03/2024 2:17,chat_opened,S27328,iOS,AIRPORT,1468,1
AE00525,C0300,O01001,23/07/2025 15:34,delivery_instruction_update,S49936,Android,CENTRAL,716,1
AE00526,C0137,BROWSE_SESSION,21/04/2025 19:54,search_route,S25731,Android,SOUTH,313,1
AE00527,C0475,BROWSE_SESSION,06/10/2025 8:53,track_order,S58709,iOS,WEST,225,1
AE00528,C0502,O00032,28/02/2025 15:15,eta_refresh,S61761,Android,NORTH,376,1
AE00529,C0226,BROWSE_SESSION,17/01/2024 7:51,track_order,S67010,Web,SOUTH,810,1
AE00530,C0433,O00520,01/01/2024 10:39,eta_refresh,S29551,iOS,RIVERSIDE,279,1
AE00531,C0175,O00897,13/12/2025 19:30,payment_retry,S18824,iOS,EAST,298,0
AE00532,C0223,BROWSE_SESSION,13/04/2025 5:32,delivery_instruction_update,S23263,Web,WEST,420,1
AE00533,C0358,O00953,10/11/2024 3:21,eta_refresh,S56553,iOS,CENTRAL,662,1
AE00534,C0518,O00447,04/01/2024 16:24,eta_refresh,S59635,Android,NORTH,271,1
AE00535,C0133,O01234,23/05/2025 2:05,chat_opened,S28612,Android,AIRPORT,405,1
AE00536,C0317,BROWSE_SESSION,25/02/2025 5:22,eta_refresh,S46532,Android,CENTRAL,671,1
AE00537,C0124,O00394,10/08/2024 21:10,search_route,S68896,Android,SOUTH,431,1
AE00538,C0597,O00135,18/04/2024 11:43,delivery_instruction_update,S20205,iOS,EAST,666,1
AE00539,C0145,O00986,06/07/2024 23:30,track_order,S78417,Web,EAST,133,1
AE00540,C0094,BROWSE_SESSION,01/03/2024 14:58,chat_opened,S46627,Android,NORTH,347,1
AE00541,C0635,O00803,06/06/2024 20:52,track_order,S34716,iOS,RIVERSIDE,83,1
AE00542,C0508,O00291,28/09/2024 21:45,track_order,S86081,iOS,SOUTH,267,1
AE00543,C0176,O00002,26/06/2025 3:34,track_order,S74871,iOS,AIRPORT,244,1
AE00544,C0411,O00258,17/06/2024 1:39,chat_opened,S14020,iOS,CENTRAL,451,1
AE00545,C0019,O00640,23/10/2025 1:47,search_route,S93178,Android,CENTRAL,171,1
AE00546,C0041,O00050,18/07/2025 12:02,eta_refresh,S37605,Web,NORTH,242,1
AE00547,C0238,O00764,28/09/2024 4:05,chat_escalated,S36427,Android,RIVERSIDE,1138,0
AE00548,C0454,O00923,03/05/2024 13:22,chat_opened,S35306,Android,EAST,510,1
AE00549,C0442,O00287,29/08/2025 0:35,delivery_instruction_update,S64617,iOS,WEST,763,1
AE00550,C0388,O00923,15/08/2024 18:46,search_route,S46051,Android,NORTH,549,1
AE00551,C0013,O00455,15/06/2025 23:09,chat_opened,S84328,Android,RIVERSIDE,477,1
AE00552,C0616,O01232,28/07/2024 14:12,search_route,S47519,Android,SOUTH,671,1
AE00553,C0401,BROWSE_SESSION,13/08/2025 10:59,track_order,S41785,iOS,CENTRAL,104,1
AE00554,C0394,O01117,03/11/2024 5:42,track_order,S93872,Web,SOUTH,292,1
AE00555,C0108,BROWSE_SESSION,11/10/2025 17:50,track_order,S35202,Web,AIRPORT,904,1
AE00556,C0266,BROWSE_SESSION,13/02/2024 11:19,track_order,S17949,iOS,EAST,598,1
AE00557,C0187,O00982,13/02/2025 6:44,chat_opened,S54552,iOS,RIVERSIDE,720,1
AE00558,C0129,O01192,27/08/2024 13:04,payment_retry,S40376,iOS,EAST,603,1
AE00559,C0337,O01131,30/01/2024 7:36,chat_escalated,S93047,iOS,AIRPORT,426,0
AE00560,C0062,O01056,30/03/2025 12:44,chat_opened,S36308,Android,AIRPORT,60,1
AE00561,C0006,O00716,14/03/2024 20:26,chat_opened,S17807,Web,SOUTH,97,1
AE00562,C0291,O00100,17/05/2024 23:35,payment_retry,S45061,Android,SOUTH,567,0
AE00563,C0259,O00572,07/11/2025 23:10,search_route,S94354,iOS,EAST,424,1
AE00564,C0620,O00745,29/06/2025 18:33,track_order,S88208,Android,SOUTH,854,1
AE00565,C0260,O00177,19/09/2024 23:02,track_order,S51574,Web,SOUTH,351,1
AE00566,C0538,O00071,15/12/2024 9:29,chat_opened,S13907,iOS,AIRPORT,709,1
AE00567,C0403,BROWSE_SESSION,06/12/2025 13:13,delivery_instruction_update,S74491,Android,RIVERSIDE,838,1
AE00568,C0033,O00103,16/07/2025 5:21,search_route,S88268,iOS,AIRPORT,691,1
AE00569,C0029,O00438,20/05/2025 0:59,cancel_attempt,S35398,Android,WEST,831,1
AE00570,C0133,O01194,21/05/2024 17:50,delivery_instruction_update,S69203,iOS,RIVERSIDE,387,1
AE00571,C0568,O00328,08/01/2025 15:50,chat_escalated,S30102,Web,SOUTH,661,1
AE00572,C0074,BROWSE_SESSION,03/10/2025 5:16,track_order,S12786,Android,EAST,67,1
AE00573,C0291,O00865,17/04/2024 4:45,chat_opened,S32689,Android,CENTRAL,256,1
AE00574,C0591,O01219,20/08/2025 22:54,track_order,S22064,Android,AIRPORT,517,1
AE00575,C0509,O00011,26/12/2024 18:38,track_order,S44128,iOS,AIRPORT,456,1
AE00576,C0218,O00901,04/11/2024 21:00,search_route,S39058,Android,WEST,488,1
AE00577,C0050,O00217,29/10/2025 3:52,payment_retry,S25608,iOS,SOUTH,280,1
AE00578,C0289,O01215,28/06/2025 5:20,chat_opened,S40958,Android,CENTRAL,1462,1
AE00579,C0088,O01143,28/07/2025 12:36,search_route,S48311,Android,NORTH,730,1
AE00580,C0442,O00629,11/10/2025 8:12,delivery_instruction_update,S87300,Android,EAST,60,1
AE00581,C0203,BROWSE_SESSION,07/03/2024 8:14,chat_opened,S36767,Android,WEST,708,1
AE00582,C0509,O00053,01/01/2025 20:04,chat_escalated,S17952,iOS,CENTRAL,1402,0
AE00583,C0040,O00424,19/12/2024 2:44,eta_refresh,S38065,iOS,EAST,60,1
AE00584,C0338,BROWSE_SESSION,02/06/2024 9:07,cancel_attempt,S42250,iOS,NORTH,441,1
AE00585,C0183,O00458,21/06/2025 10:17,eta_refresh,S16357,Android,CENTRAL,152,1
AE00586,C0334,BROWSE_SESSION,07/04/2025 8:42,search_route,S25359,Android,CENTRAL,249,1
AE00587,C0430,BROWSE_SESSION,21/05/2024 17:34,chat_opened,S79926,Android,SOUTH,213,1
AE00588,C0046,O00582,03/06/2025 8:19,payment_retry,S73412,iOS,RIVERSIDE,516,0
AE00589,C0543,BROWSE_SESSION,19/11/2024 19:38,track_order,S82119,Android,RIVERSIDE,357,1
AE00590,C0515,BROWSE_SESSION,13/04/2025 4:28,search_route,S33101,Android,EAST,145,1
AE00591,C0099,O00801,06/11/2024 12:29,eta_refresh,S78327,Android,CENTRAL,755,1
AE00592,C0231,BROWSE_SESSION,06/05/2024 13:33,delivery_instruction_update,S63193,Android,AIRPORT,704,1
AE00593,C0030,BROWSE_SESSION,10/03/2025 18:52,track_order,S79043,Android,WEST,655,1
AE00594,C0208,O00618,03/03/2024 9:59,track_order,S43752,iOS,WEST,308,1
AE00595,C0610,O00716,02/10/2025 23:19,eta_refresh,S26110,Android,SOUTH,142,1
AE00596,C0174,O00190,01/01/2024 19:53,eta_refresh,S32843,iOS,AIRPORT,462,1
AE00597,C0514,O00030,02/12/2024 18:45,track_order,S92720,iOS,RIVERSIDE,234,1
AE00598,C0461,BROWSE_SESSION,05/06/2024 0:16,chat_opened,S43230,Android,NORTH,712,1
AE00599,C0410,O00517,10/09/2024 0:17,chat_escalated,S52699,Web,RIVERSIDE,282,1
AE00600,C0634,O00251,03/12/2024 3:06,payment_retry,S11815,iOS,WEST,432,1
AE00601,C0503,O00374,06/01/2025 9:15,delivery_instruction_update,S37139,Android,NORTH,850,1
AE00602,C0278,O00559,29/11/2024 17:16,chat_opened,S47257,Android,SOUTH,355,1
AE00603,C0232,O00960,04/07/2024 16:58,search_route,S62391,Web,SOUTH,552,1
AE00604,C0378,O00338,05/05/2024 23:01,search_route,S93133,iOS,CENTRAL,266,1
AE00605,C0576,O01052,20/07/2024 3:58,chat_escalated,S79827,Web,NORTH,235,0
AE00606,C0442,O00536,20/01/2025 17:25,eta_refresh,S68063,iOS,SOUTH,394,1
AE00607,C0128,O01228,05/10/2024 0:14,eta_refresh,S70979,iOS,NORTH,609,1
AE00608,C0032,O00812,21/10/2025 12:26,eta_refresh,S22172,Web,RIVERSIDE,60,1
AE00609,C0003,O00895,27/06/2025 12:45,payment_retry,S43719,iOS,RIVERSIDE,715,1
AE00610,C0590,BROWSE_SESSION,19/06/2025 2:45,track_order,S62267,Web,AIRPORT,60,1
AE00611,C0038,O00716,01/11/2024 15:56,track_order,S52284,Android,RIVERSIDE,60,1
AE00612,C0446,O00508,26/07/2024 4:10,track_order,S42727,Web,WEST,605,1
AE00613,C0263,O00620,03/03/2025 17:24,search_route,S70320,Android,WEST,355,1
AE00614,C0351,O00652,01/05/2024 1:28,eta_refresh,S73106,Android,CENTRAL,154,1
AE00615,C0450,O00983,04/09/2025 0:03,eta_refresh,S99323,iOS,WEST,322,1
AE00616,C0340,O00578,08/04/2025 21:34,delivery_instruction_update,S42991,Android,SOUTH,569,1
AE00617,C0131,BROWSE_SESSION,21/07/2025 5:36,chat_opened,S95435,iOS,CENTRAL,770,1
AE00618,C0058,O01053,14/05/2025 10:54,track_order,S64470,iOS,NORTH,294,1
AE00619,C0279,O00904,14/03/2024 15:05,cancel_attempt,S29439,iOS,WEST,551,1
AE00620,C0017,O01083,02/08/2025 12:06,track_order,S69072,Android,NORTH,448,1
AE00621,C0141,O01114,30/10/2025 17:01,delivery_instruction_update,S54683,Android,EAST,778,1
AE00622,C0052,BROWSE_SESSION,31/05/2024 16:42,eta_refresh,S48972,iOS,NORTH,440,1
AE00623,C0168,O00809,04/01/2025 7:15,track_order,S80005,Android,AIRPORT,444,1
AE00624,C0214,O00374,27/06/2025 6:15,delivery_instruction_update,S81380,iOS,AIRPORT,1285,1
AE00625,C0650,O00427,18/08/2024 13:02,search_route,S41166,Android,SOUTH,333,1
AE00626,C0159,O00492,29/09/2024 13:26,track_order,S38639,Android,WEST,414,1
AE00627,C0357,BROWSE_SESSION,25/11/2024 2:30,search_route,S10635,Web,NORTH,225,1
AE00628,C0264,O00101,06/05/2025 6:56,eta_refresh,S90532,Android,EAST,462,1
AE00629,C0412,O01113,29/08/2025 10:33,track_order,S17041,Android,WEST,211,1
AE00630,C0161,O00372,18/06/2025 6:26,chat_opened,S53370,iOS,SOUTH,60,1
AE00631,C0106,O00340,03/04/2024 16:30,chat_escalated,S75165,iOS,SOUTH,313,1
AE00632,C0459,O00658,03/10/2024 1:10,chat_opened,S57477,Android,SOUTH,283,1
AE00633,C0298,O00533,22/07/2024 5:38,delivery_instruction_update,S42849,Web,NORTH,242,1
AE00634,C0240,BROWSE_SESSION,13/02/2024 14:15,chat_escalated,S33275,Android,RIVERSIDE,398,0
AE00635,C0175,O00485,04/09/2025 14:17,delivery_instruction_update,S65669,iOS,NORTH,245,1
AE00636,C0431,O00575,07/12/2025 1:24,chat_opened,S12829,Web,SOUTH,172,1
AE00637,C0550,O01112,22/05/2024 7:43,search_route,S63179,Web,CENTRAL,535,1
AE00638,C0184,O01227,08/09/2024 23:22,eta_refresh,S73176,Android,EAST,758,1
AE00639,C0191,O00991,06/01/2025 7:47,eta_refresh,S77218,Android,CENTRAL,223,1
AE00640,C0182,BROWSE_SESSION,15/04/2025 23:12,track_order,S76489,iOS,CENTRAL,449,1
