order_id,customer_id,service_type,order_created_at,promised_window_hours,pickup_zone,dropoff_zone,priority_level,order_value,booking_channel,special_handling_flag
O00001,C0292,PASSENGER,20/08/24 14:43,6,AIRPORT,SOUTH,MEDIUM,126.65,APP,0
O00002,C0459,PASSENGER,14/05/24 22:16,24,NORTH,AIRPORT,LOW,109.3,APP,0
O00003,C0161,PASSENGER,09/02/25 14:37,4,WEST,AIRPORT,HIGH,33.5,PHONE,0
O00004,C0520,PARCEL,01/11/25 17:15,2,RIVERSIDE,NORTH,MEDIUM,10.04,APP,1
O00005,C0558,RETAIL,17/02/25 19:32,12,RIVERSIDE,SOUTH,LOW,125.58,PHONE,0
O00006,C0437,RETAIL,08/05/24 04:55,1,CENTRAL,EAST,HIGH,151.44,WEB,1
O00007,C0001,BUSINESS,05/05/24 21:32,2,CENTRAL,AIRPORT,LOW,76.12,APP,0
O00008,C0157,PARCEL,04/03/24 17:54,4,RIVERSIDE,RIVERSIDE,MEDIUM,35.06,PHONE,0
O00009,C0141,RETAIL,10/03/24 23:49,12,NORTH,EAST,CRITICAL,78.93,APP,0
O00010,C0171,RETAIL,29/01/25 00:42,6,SOUTH,NORTH,LOW,34.55,PHONE,0
O00011,C0340,PARCEL,08/04/25 04:19,12,WEST,CENTRAL,LOW,79.1,PHONE,0
O00012,C0567,BUSINESS,16/01/24 12:45,12,EAST,AIRPORT,MEDIUM,135.67,APP,0
O00013,C0234,RETAIL,29/03/24 22:11,24,AIRPORT,CENTRAL,MEDIUM,302.7,APP,0
O00014,C0318,PASSENGER,25/08/24 10:12,6,CENTRAL,CENTRAL,LOW,90.96,PHONE,0
O00015,C0300,BUSINESS,11/09/25 03:04,6,SOUTH,EAST,HIGH,145.58,WEB,0
O00016,C0022,PARCEL,29/07/25 11:51,6,CENTRAL,CENTRAL,MEDIUM,92.66,APP,0
O00017,C0499,PARCEL,27/05/25 09:12,24,AIRPORT,SOUTH,LOW,60.9,APP,0
O00018,C0506,PASSENGER,03/08/24 22:19,6,NORTH,RIVERSIDE,HIGH,121.11,PHONE,0
O00019,C0425,PASSENGER,31/03/24 07:18,6,NORTH,CENTRAL,LOW,56.26,PHONE,0
O00020,C0249,RETAIL,05/09/24 22:25,2,WEST,AIRPORT,MEDIUM,100.78,APP,0
O00021,C0218,PASSENGER,16/10/24 11:25,2,WEST,NORTH,MEDIUM,49.99,WEB,0
O00022,C0594,RETAIL,20/04/25 20:56,12,RIVERSIDE,CENTRAL,MEDIUM,134.88,PHONE,0
O00023,C0077,PASSENGER,10/05/25 04:59,4,NORTH,NORTH,MEDIUM,122.25,APP,0
O00024,C0397,PASSENGER,10/10/24 05:01,6,SOUTH,RIVERSIDE,HIGH,132.2,APP,1
O00025,C0297,PASSENGER,01/10/25 21:51,6,NORTH,RIVERSIDE,CRITICAL,66.51,APP,0
O00026,C0193,PARCEL,11/10/25 22:22,24,EAST,WEST,HIGH,51.09,APP,0
O00027,C0024,PARCEL,26/02/25 00:42,4,RIVERSIDE,NORTH,MEDIUM,96.62,APP,0
O00028,C0160,RETAIL,21/12/25 22:29,4,NORTH,SOUTH,HIGH,59.44,APP,0
O00029,C0366,MEDICAL,09/11/24 12:22,24,EAST,CENTRAL,MEDIUM,190.94,WEB,0
O00030,C0406,MEDICAL,10/05/25 03:11,12,NORTH,EAST,LOW,44.84,APP,0
O00031,C0573,PASSENGER,25/10/24 03:17,24,EAST,AIRPORT,MEDIUM,55.14,APP,0
O00032,C0297,PASSENGER,15/09/25 23:14,1,CENTRAL,EAST,MEDIUM,126.43,APP,1
O00033,C0471,RETAIL,30/12/25 21:02,6,NORTH,EAST,LOW,36.7,PHONE,1
O00034,C0023,RETAIL,18/02/25 01:38,2,NORTH,SOUTH,LOW,40.88,APP,0
O00035,C0524,BUSINESS,14/06/24 13:12,4,NORTH,CENTRAL,MEDIUM,209.07,WEB,0
O00036,C0126,PARCEL,11/06/24 04:24,4,RIVERSIDE,NORTH,MEDIUM,73.14,APP,0
O00037,C0015,RETAIL,02/10/24 17:19,24,EAST,AIRPORT,LOW,119.31,PHONE,0
O00038,C0142,RETAIL,10/06/25 20:11,2,RIVERSIDE,EAST,MEDIUM,168.48,PHONE,0
O00039,C0351,PARCEL,08/01/25 07:36,6,EAST,RIVERSIDE,LOW,54.85,WEB,1
O00040,C0014,PARCEL,24/05/25 22:33,1,NORTH,AIRPORT,LOW,74.65,APP,0
O00041,C0243,RETAIL,17/09/24 13:42,12,RIVERSIDE,WEST,LOW,19.15,APP,0
O00042,C0606,RETAIL,12/01/25 18:22,24,RIVERSIDE,CENTRAL,MEDIUM,133.72,PHONE,1
O00043,C0416,RETAIL,01/01/24 03:53,12,EAST,RIVERSIDE,MEDIUM,48.59,API,0
O00044,C0227,BUSINESS,11/02/25 09:57,4,WEST,RIVERSIDE,MEDIUM,61.45,PHONE,1
O00045,C0326,PARCEL,13/02/24 18:38,6,SOUTH,AIRPORT,CRITICAL,56.64,UNKNOWN,0
O00046,C0538,PARCEL,13/12/25 01:15,4,NORTH,CENTRAL,HIGH,85.48,APP,0
O00047,C0220,MEDICAL,28/11/25 03:02,2,WEST,NORTH,MEDIUM,39.57,APP,0
O00048,C0145,MEDICAL,22/11/24 06:49,4,RIVERSIDE,NORTH,LOW,43.37,APP,0
O00049,C0380,PASSENGER,19/12/24 23:58,2,WEST,SOUTH,LOW,66.46,PHONE,1
O00050,C0544,PASSENGER,29/03/24 13:44,1,NORTH,CENTRAL,LOW,33.93,APP,0
O00051,C0185,BUSINESS,02/07/25 23:39,12,AIRPORT,EAST,CRITICAL,14.48,WEB,1
O00052,C0150,RETAIL,14/08/24 08:33,12,NORTH,RIVERSIDE,MEDIUM,293.65,API,0
O00053,C0054,PARCEL,04/02/24 11:27,24,EAST,EAST,LOW,73.56,APP,0
O00054,C0478,MEDICAL,29/03/25 10:44,4,NORTH,NORTH,LOW,54.41,WEB,0
O00055,C0454,RETAIL,30/05/25 23:44,2,AIRPORT,RIVERSIDE,MEDIUM,73.7,APP,0
O00056,C0271,PARCEL,10/05/25 20:28,4,SOUTH,CENTRAL,HIGH,160.35,WEB,0
O00057,C0226,BUSINESS,06/04/25 01:43,4,EAST,NORTH,MEDIUM,194.03,APP,0
O00058,C0083,PASSENGER,16/12/25 06:27,2,SOUTH,EAST,CRITICAL,51.95,WEB,0
O00059,C0640,PASSENGER,20/11/25 16:54,2,CENTRAL,AIRPORT,MEDIUM,20.32,WEB,0
O00060,C0258,MEDICAL,05/10/24 15:48,6,NORTH,EAST,CRITICAL,37.52,WEB,0
O00061,C0289,PASSENGER,07/12/24 01:44,6,AIRPORT,NORTH,HIGH,238.9,WEB,1
O00062,C0177,PASSENGER,26/07/25 08:11,4,WEST,AIRPORT,MEDIUM,45.44,WEB,0
O00063,C0168,RETAIL,13/07/25 05:49,12,SOUTH,AIRPORT,LOW,57.56,APP,0
O00064,C0346,BUSINESS,14/10/25 07:34,12,CENTRAL,RIVERSIDE,HIGH,45.43,APP,0
O00065,C0285,PARCEL,23/09/24 07:03,4,SOUTH,WEST,HIGH,61.59,APP,0
O00066,C0421,PASSENGER,21/06/24 11:22,4,SOUTH,EAST,LOW,237.58,APP,0
O00067,C0339,PASSENGER,25/02/25 02:12,6,WEST,WEST,CRITICAL,131.1,WEB,0
O00068,C0084,PARCEL,13/10/25 09:08,2,RIVERSIDE,EAST,MEDIUM,40.58,APP,0
O00069,C0369,PASSENGER,19/05/24 21:45,12,AIRPORT,RIVERSIDE,MEDIUM,103.29,PHONE,1
O00070,C0125,RETAIL,13/05/25 21:30,4,CENTRAL,AIRPORT,LOW,165.63,APP,0
O00071,C0109,MEDICAL,31/08/24 22:15,1,NORTH,SOUTH,LOW,157.58,PHONE,0
O00072,C0060,MEDICAL,01/07/24 16:44,2,WEST,RIVERSIDE,MEDIUM,7.32,APP,0
O00073,C0331,PASSENGER,31/03/25 04:59,4,CENTRAL,SOUTH,HIGH,30.82,APP,0
O00074,C0644,PARCEL,18/10/25 11:44,6,RIVERSIDE,RIVERSIDE,CRITICAL,20.6,APP,0
O00075,C0026,BUSINESS,11/02/24 04:56,2,NORTH,EAST,MEDIUM,85.65,WEB,0
O00076,C0075,RETAIL,25/12/25 04:37,4,CENTRAL,RIVERSIDE,LOW,100.62,PHONE,0
O00077,C0543,MEDICAL,30/07/25 07:21,4,RIVERSIDE,CENTRAL,LOW,150.98,APP,0
O00078,C0434,PARCEL,10/06/25 03:35,6,WEST,RIVERSIDE,MEDIUM,94.04,APP,0
O00079,C0353,PARCEL,03/10/25 05:43,2,WEST,AIRPORT,MEDIUM,48.85,APP,0
O00080,C0082,PARCEL,13/11/25 04:38,4,SOUTH,SOUTH,MEDIUM,135.71,APP,0
O00081,C0004,PASSENGER,17/04/25 12:53,6,WEST,AIRPORT,LOW,208.38,APP,0
O00082,C0531,RETAIL,30/07/24 03:44,12,CENTRAL,WEST,MEDIUM,36.55,APP,0
O00083,C0215,MEDICAL,23/10/24 00:23,2,AIRPORT,SOUTH,LOW,127.88,APP,0
O00084,C0103,PASSENGER,13/05/25 06:02,4,WEST,NORTH,HIGH,157.73,PHONE,1
O00085,C0505,PASSENGER,03/02/24 08:19,4,NORTH,RIVERSIDE,LOW,23.13,APP,0
O00086,C0255,PASSENGER,20/07/24 03:44,4,CENTRAL,AIRPORT,HIGH,66.09,APP,0
O00087,C0476,BUSINESS,11/12/24 14:07,4,SOUTH,NORTH,CRITICAL,56.73,PHONE,0
O00088,C0157,MEDICAL,14/06/24 10:28,24,RIVERSIDE,EAST,LOW,101.67,APP,0
O00089,C0339,MEDICAL,24/04/25 18:23,6,SOUTH,NORTH,HIGH,52.58,WEB,1
O00090,C0490,BUSINESS,23/10/24 05:35,4,RIVERSIDE,SOUTH,MEDIUM,86.48,APP,0
O00091,C0564,PARCEL,14/03/24 01:00,6,WEST,AIRPORT,CRITICAL,43.61,WEB,0
O00092,C0268,RETAIL,24/04/25 15:05,6,SOUTH,EAST,MEDIUM,56.53,WEB,0
O00093,C0083,BUSINESS,12/05/24 23:36,4,CENTRAL,WEST,LOW,184.11,WEB,0
O00094,C0361,PARCEL,27/09/24 03:41,6,AIRPORT,NORTH,MEDIUM,62.08,PHONE,0
O00095,C0378,MEDICAL,15/05/25 13:31,24,SOUTH,NORTH,LOW,103.06,APP,0
O00096,C0441,BUSINESS,13/07/24 17:20,2,NORTH,WEST,CRITICAL,153.48,WEB,0
O00097,C0303,PARCEL,01/09/24 11:58,24,AIRPORT,AIRPORT,MEDIUM,72.64,APP,1
O00098,C0586,PASSENGER,04/03/24 20:18,1,NORTH,SOUTH,MEDIUM,79.53,PHONE,0
O00099,C0079,RETAIL,10/04/25 19:59,12,AIRPORT,EAST,LOW,75.64,APP,0
O00100,C0300,PASSENGER,30/10/25 22:16,6,RIVERSIDE,NORTH,MEDIUM,23.64,WEB,0
O00101,C0633,PARCEL,30/10/25 07:05,24,WEST,WEST,LOW,42.02,APP,0
O00102,C0253,PASSENGER,21/05/24 23:01,2,CENTRAL,NORTH,HIGH,146.42,APP,0
O00103,C0456,BUSINESS,26/01/24 12:53,12,SOUTH,WEST,LOW,77.37,APP,0
O00104,C0395,PASSENGER,28/05/24 09:23,4,EAST,CENTRAL,MEDIUM,34.3,WEB,0
O00105,C0070,PASSENGER,07/09/24 20:33,4,NORTH,EAST,HIGH,18.19,WEB,0
O00106,C0065,BUSINESS,29/11/25 05:06,6,EAST,RIVERSIDE,LOW,68.37,APP,0
O00107,C0205,MEDICAL,13/11/24 23:39,2,RIVERSIDE,CENTRAL,LOW,182.35,APP,0
O00108,C0046,MEDICAL,30/11/24 12:11,12,WEST,EAST,MEDIUM,70.18,APP,0
O00109,C0427,MEDICAL,24/10/25 11:20,4,WEST,EAST,MEDIUM,9.68,APP,0
O00110,C0446,PASSENGER,23/08/24 11:08,4,CENTRAL,SOUTH,LOW,72.23,APP,0
O00111,C0521,RETAIL,18/07/25 11:53,24,EAST,CENTRAL,MEDIUM,52.06,WEB,0
O00112,C0051,PASSENGER,16/09/24 07:03,2,CENTRAL,WEST,MEDIUM,86.44,APP,0
O00113,C0640,BUSINESS,02/12/24 03:36,2,EAST,NORTH,HIGH,113.54,APP,0
O00114,C0144,BUSINESS,10/05/25 22:25,12,SOUTH,RIVERSIDE,HIGH,15.52,APP,1
O00115,C0157,PASSENGER,21/02/24 06:31,6,EAST,NORTH,HIGH,256.93,WEB,0
O00116,C0452,PASSENGER,03/09/25 15:46,4,NORTH,AIRPORT,LOW,56.59,API,0
O00117,C0516,PASSENGER,06/10/24 09:38,12,EAST,SOUTH,MEDIUM,87.81,PHONE,0
O00118,C0087,RETAIL,18/08/25 20:05,6,SOUTH,SOUTH,MEDIUM,74.68,APP,0
O00119,C0229,MEDICAL,25/05/24 22:14,4,NORTH,NORTH,LOW,66.42,APP,0
O00120,C0182,PASSENGER,16/06/24 04:28,6,AIRPORT,NORTH,MEDIUM,85.27,PHONE,1
O00121,C0604,PARCEL,14/10/25 12:05,6,EAST,NORTH,MEDIUM,75.67,APP,1
O00122,C0597,MEDICAL,02/10/24 14:30,1,RIVERSIDE,NORTH,MEDIUM,27.55,APP,0
O00123,C0649,RETAIL,14/07/24 06:46,2,WEST,EAST,HIGH,21.55,APP,0
O00124,C0481,PASSENGER,16/01/25 00:02,24,CENTRAL,AIRPORT,LOW,34.31,WEB,1
O00125,C0191,RETAIL,17/09/25 16:27,24,WEST,SOUTH,MEDIUM,70.05,APP,0
O00126,C0146,PARCEL,26/05/24 09:04,12,AIRPORT,SOUTH,MEDIUM,55.22,WEB,0
O00127,C0572,PARCEL,11/08/25 01:32,2,EAST,NORTH,MEDIUM,171.31,APP,0
O00128,C0611,MEDICAL,28/12/25 13:56,24,AIRPORT,AIRPORT,MEDIUM,136.66,APP,0
O00129,C0538,RETAIL,12/12/24 02:28,12,CENTRAL,NORTH,HIGH,63.08,PHONE,0
O00130,C0259,PASSENGER,01/10/24 21:52,6,CENTRAL,AIRPORT,MEDIUM,77.97,APP,0
O00131,C0478,RETAIL,29/06/24 23:10,24,EAST,WEST,MEDIUM,14.11,APP,0
O00132,C0224,PASSENGER,22/01/25 09:00,2,CENTRAL,CENTRAL,MEDIUM,11.07,APP,0
O00133,C0365,PASSENGER,29/03/25 18:43,24,AIRPORT,NORTH,MEDIUM,128.19,API,1
O00134,C0010,PARCEL,22/12/24 18:12,4,SOUTH,WEST,CRITICAL,23.34,APP,0
O00135,C0364,PASSENGER,25/04/25 02:34,24,RIVERSIDE,NORTH,LOW,118.96,APP,0
O00136,C0413,MEDICAL,27/11/24 16:29,1,NORTH,SOUTH,HIGH,20.82,APP,0
O00137,C0295,PARCEL,14/03/25 17:58,12,EAST,SOUTH,HIGH,81.5,APP,0
O00138,C0149,BUSINESS,10/02/25 04:25,2,SOUTH,AIRPORT,MEDIUM,99.38,PHONE,0
O00139,C0545,RETAIL,15/09/25 19:05,2,WEST,AIRPORT,HIGH,4.22,WEB,0
O00140,C0621,PASSENGER,03/02/24 23:43,4,NORTH,NORTH,LOW,89.5,APP,0
O00141,C0605,BUSINESS,12/05/24 19:42,1,NORTH,SOUTH,HIGH,83.09,WEB,0
O00142,C0628,RETAIL,31/10/24 18:36,12,CENTRAL,AIRPORT,HIGH,83.93,API,0
O00143,C0545,PASSENGER,03/07/25 11:30,24,CENTRAL,CENTRAL,MEDIUM,69.38,APP,0
O00144,C0063,BUSINESS,11/03/25 20:08,4,RIVERSIDE,CENTRAL,HIGH,288.86,APP,0
O00145,C0595,BUSINESS,11/02/24 10:33,12,NORTH,RIVERSIDE,MEDIUM,35.95,APP,0
O00146,C0168,PASSENGER,10/10/25 00:54,12,EAST,SOUTH,MEDIUM,14.05,WEB,0
O00147,C0096,RETAIL,07/12/24 07:43,6,NORTH,WEST,CRITICAL,32.27,APP,0
O00148,C0401,MEDICAL,04/03/25 22:05,2,EAST,EAST,HIGH,86.3,PHONE,0
O00149,C0289,BUSINESS,30/05/24 21:37,4,WEST,NORTH,HIGH,31.06,APP,0
O00150,C0246,BUSINESS,15/01/25 17:37,6,WEST,RIVERSIDE,MEDIUM,136.44,WEB,0
O00151,C0446,RETAIL,03/02/25 11:33,4,WEST,EAST,MEDIUM,179.57,WEB,0
O00152,C0239,RETAIL,09/03/24 18:28,24,EAST,NORTH,MEDIUM,139.65,WEB,0
O00153,C0378,PARCEL,02/09/25 08:07,24,NORTH,AIRPORT,LOW,33.01,WEB,0
O00154,C0535,BUSINESS,20/08/24 05:56,12,NORTH,AIRPORT,LOW,105.88,WEB,1
O00155,C0039,RETAIL,26/07/24 17:47,24,SOUTH,CENTRAL,LOW,155.77,PHONE,0
O00156,C0035,PARCEL,24/04/24 07:55,6,WEST,NORTH,MEDIUM,68.58,WEB,1
O00157,C0513,BUSINESS,16/09/24 20:06,2,AIRPORT,NORTH,LOW,60.52,API,0
O00158,C0620,BUSINESS,07/11/24 16:42,24,CENTRAL,WEST,HIGH,67.81,PHONE,0
O00159,C0505,PARCEL,14/09/24 22:31,12,NORTH,SOUTH,LOW,105.17,API,0
O00160,C0478,PARCEL,20/08/24 17:29,6,CENTRAL,EAST,HIGH,68.1,WEB,0
O00161,C0025,PARCEL,19/08/24 17:36,12,SOUTH,AIRPORT,HIGH,123.09,PHONE,0
O00162,C0476,BUSINESS,14/12/25 03:47,12,SOUTH,CENTRAL,MEDIUM,139.13,APP,0
O00163,C0583,PARCEL,06/09/25 18:36,4,CENTRAL,NORTH,LOW,67.97,PHONE,1
O00164,C0622,PARCEL,23/03/24 13:43,24,SOUTH,CENTRAL,LOW,211.8,APP,0
O00165,C0275,RETAIL,16/03/24 14:08,24,NORTH,CENTRAL,LOW,122.59,APP,0
O00166,C0517,PASSENGER,30/05/25 17:32,4,EAST,SOUTH,MEDIUM,76.66,APP,0
O00167,C0325,MEDICAL,27/04/24 20:46,24,EAST,EAST,MEDIUM,24.78,API,0
O00168,C0464,PARCEL,06/11/25 03:29,6,CENTRAL,RIVERSIDE,HIGH,115.35,WEB,0
O00169,C0399,RETAIL,12/03/25 12:34,4,EAST,NORTH,MEDIUM,84.09,APP,1
O00170,C0005,BUSINESS,24/06/24 06:36,4,AIRPORT,AIRPORT,HIGH,58.3,APP,1
O00171,C0447,PARCEL,05/01/25 02:08,1,AIRPORT,AIRPORT,CRITICAL,63.41,APP,0
O00172,C0343,PASSENGER,17/01/25 19:03,4,EAST,WEST,HIGH,108.19,APP,0
O00173,C0371,PASSENGER,18/02/25 07:03,2,CENTRAL,CENTRAL,CRITICAL,249.32,APP,1
O00174,C0537,PASSENGER,16/01/25 01:00,4,CENTRAL,NORTH,LOW,19.65,WEB,0
O00175,C0562,BUSINESS,19/12/25 19:13,4,RIVERSIDE,WEST,HIGH,150.9,APP,0
O00176,C0479,RETAIL,15/04/25 09:07,4,CENTRAL,CENTRAL,MEDIUM,14.76,PHONE,0
O00177,C0477,PASSENGER,25/12/25 04:27,6,NORTH,WEST,LOW,109.36,WEB,0
O00178,C0287,MEDICAL,30/03/24 19:55,4,EAST,SOUTH,LOW,55.9,APP,0
O00179,C0343,PARCEL,25/07/24 18:07,12,CENTRAL,RIVERSIDE,MEDIUM,52.96,WEB,1
O00180,C0615,PARCEL,29/12/24 05:23,24,CENTRAL,NORTH,LOW,54.32,PHONE,0
O00181,C0252,RETAIL,15/12/24 23:43,2,AIRPORT,AIRPORT,CRITICAL,108.19,API,1
O00182,C0258,PASSENGER,01/12/24 08:07,2,WEST,WEST,MEDIUM,109.03,WEB,0
O00183,C0102,BUSINESS,09/02/24 11:32,4,SOUTH,RIVERSIDE,CRITICAL,11.5,APP,0
O00184,C0394,PARCEL,21/06/25 11:46,2,CENTRAL,RIVERSIDE,MEDIUM,51.44,API,0
O00185,C0482,RETAIL,15/05/25 01:52,24,EAST,CENTRAL,LOW,62.26,WEB,0
O00186,C0007,PARCEL,09/10/25 11:06,1,EAST,WEST,LOW,7.45,API,0
O00187,C0070,MEDICAL,30/12/24 17:20,12,SOUTH,EAST,MEDIUM,49.72,APP,0
O00188,C0558,PASSENGER,09/09/25 03:02,4,RIVERSIDE,CENTRAL,MEDIUM,138.45,APP,1
O00189,C0388,PARCEL,22/11/25 07:16,4,NORTH,NORTH,LOW,14.46,APP,0
O00190,C0622,PARCEL,28/12/24 06:44,1,SOUTH,NORTH,MEDIUM,31.72,PHONE,0
O00191,C0641,PARCEL,04/02/25 00:53,12,CENTRAL,NORTH,MEDIUM,151.09,PHONE,1
O00192,C0404,RETAIL,18/08/25 14:07,24,CENTRAL,NORTH,HIGH,83.79,APP,1
O00193,C0114,BUSINESS,22/01/24 15:07,4,EAST,CENTRAL,MEDIUM,202.67,APP,1
O00194,C0191,PASSENGER,16/03/24 08:11,1,CENTRAL,RIVERSIDE,LOW,92.07,WEB,1
O00195,C0404,RETAIL,06/02/24 17:59,12,CENTRAL,EAST,MEDIUM,18.03,APP,1
O00196,C0314,RETAIL,23/10/24 21:42,6,CENTRAL,CENTRAL,HIGH,151.74,APP,0
O00197,C0420,RETAIL,24/01/25 04:37,2,NORTH,EAST,MEDIUM,175.96,PHONE,0
O00198,C0487,PARCEL,13/09/24 17:44,2,WEST,CENTRAL,LOW,21.51,WEB,0
O00199,C0595,RETAIL,10/02/24 14:00,12,NORTH,NORTH,HIGH,62.65,UNKNOWN,0
O00200,C0060,PASSENGER,26/01/24 10:09,4,CENTRAL,RIVERSIDE,HIGH,94.52,UNKNOWN,0
O00201,C0486,PASSENGER,13/05/25 16:30,4,NORTH,SOUTH,MEDIUM,118.29,WEB,0
O00202,C0449,PASSENGER,02/02/24 01:04,1,SOUTH,WEST,LOW,20.68,WEB,0
O00203,C0336,BUSINESS,07/05/24 19:52,6,CENTRAL,AIRPORT,HIGH,84.76,WEB,0
O00204,C0355,PASSENGER,22/10/25 21:38,12,AIRPORT,WEST,HIGH,61.59,APP,0
O00205,C0246,PARCEL,02/05/25 15:10,6,NORTH,SOUTH,MEDIUM,63.36,APP,1
O00206,C0255,PARCEL,12/10/25 14:25,4,SOUTH,EAST,LOW,20.86,APP,1
O00207,C0023,BUSINESS,22/08/24 19:33,6,CENTRAL,RIVERSIDE,MEDIUM,80.33,APP,0
O00208,C0359,PASSENGER,18/03/24 11:21,2,WEST,RIVERSIDE,HIGH,90.19,PHONE,1
O00209,C0201,RETAIL,24/06/25 06:19,4,AIRPORT,RIVERSIDE,CRITICAL,178.55,APP,1
O00210,C0347,PARCEL,14/05/24 18:39,4,EAST,WEST,HIGH,106.23,PHONE,0
O00211,C0488,BUSINESS,14/02/24 06:10,6,AIRPORT,EAST,MEDIUM,43.29,APP,1
O00212,C0121,PARCEL,01/04/25 23:29,4,EAST,CENTRAL,HIGH,128.36,API,0
O00213,C0512,PARCEL,12/05/24 18:29,12,WEST,RIVERSIDE,LOW,161.85,PHONE,1
O00214,C0088,BUSINESS,02/01/25 11:20,2,EAST,EAST,HIGH,102.83,APP,0
O00215,C0341,BUSINESS,01/07/24 10:37,1,WEST,WEST,MEDIUM,84.03,PHONE,1
O00216,C0629,RETAIL,05/10/25 10:14,4,NORTH,WEST,CRITICAL,220.83,UNKNOWN,0
O00217,C0331,RETAIL,22/01/24 07:29,24,AIRPORT,AIRPORT,MEDIUM,40.42,PHONE,1
O00218,C0154,PASSENGER,15/09/25 01:40,2,NORTH,WEST,CRITICAL,77.97,APP,0
O00219,C0421,PASSENGER,29/05/24 23:42,2,EAST,SOUTH,MEDIUM,62.84,APP,0
O00220,C0428,MEDICAL,27/05/24 08:24,6,CENTRAL,WEST,LOW,136.63,PHONE,0
O00221,C0298,PARCEL,10/06/24 02:32,12,SOUTH,AIRPORT,MEDIUM,16.07,PHONE,0
O00222,C0266,PARCEL,25/09/24 11:36,4,RIVERSIDE,WEST,HIGH,27.35,PHONE,0
O00223,C0172,RETAIL,08/10/25 16:37,4,CENTRAL,AIRPORT,HIGH,178.85,WEB,0
O00224,C0045,PARCEL,22/05/24 22:02,24,NORTH,CENTRAL,HIGH,46.15,APP,1
O00225,C0290,RETAIL,28/07/25 03:55,1,RIVERSIDE,RIVERSIDE,MEDIUM,25.8,UNKNOWN,0
O00226,C0292,PARCEL,23/07/24 13:40,24,EAST,NORTH,MEDIUM,63.79,APP,0
O00227,C0174,BUSINESS,08/08/25 20:06,4,AIRPORT,NORTH,MEDIUM,21.79,APP,0
O00228,C0242,PARCEL,01/06/25 09:50,6,EAST,AIRPORT,HIGH,87.21,WEB,0
O00229,C0335,PASSENGER,31/08/24 04:43,6,CENTRAL,RIVERSIDE,MEDIUM,33.48,APP,0
O00230,C0533,PASSENGER,14/03/24 09:48,1,CENTRAL,NORTH,LOW,25.84,APP,1
O00231,C0250,PASSENGER,15/12/24 23:23,6,EAST,SOUTH,LOW,69.44,UNKNOWN,0
O00232,C0533,RETAIL,06/05/25 20:15,6,RIVERSIDE,CENTRAL,MEDIUM,122.94,API,1
O00233,C0252,PARCEL,24/12/24 17:45,1,RIVERSIDE,SOUTH,HIGH,100.64,PHONE,1
O00234,C0145,PARCEL,19/02/25 10:03,6,SOUTH,RIVERSIDE,LOW,42.01,WEB,0
O00235,C0502,RETAIL,22/12/25 10:42,2,CENTRAL,CENTRAL,MEDIUM,27.53,PHONE,0
O00236,C0429,BUSINESS,26/11/24 15:32,2,EAST,SOUTH,MEDIUM,118.24,APP,0
O00237,C0431,PARCEL,01/11/25 07:51,24,RIVERSIDE,SOUTH,LOW,19.51,WEB,0
O00238,C0141,PARCEL,28/08/24 11:09,4,SOUTH,WEST,CRITICAL,192.22,PHONE,1
O00239,C0399,PARCEL,18/05/24 06:00,4,CENTRAL,CENTRAL,LOW,31.43,APP,0
O00240,C0289,PASSENGER,18/11/25 14:25,2,EAST,AIRPORT,LOW,71.85,APP,0
O00241,C0117,PARCEL,04/01/25 12:36,2,WEST,NORTH,LOW,99.3,APP,1
O00242,C0587,RETAIL,11/05/24 05:37,1,CENTRAL,WEST,HIGH,42.77,APP,0
O00243,C0153,PASSENGER,03/08/24 04:19,6,SOUTH,WEST,LOW,64.73,PHONE,0
O00244,C0519,PASSENGER,11/11/24 08:46,1,NORTH,RIVERSIDE,MEDIUM,225.95,API,0
O00245,C0096,PARCEL,08/08/25 17:42,4,SOUTH,SOUTH,LOW,21.06,APP,1
O00246,C0023,PARCEL,14/12/24 02:58,4,EAST,RIVERSIDE,MEDIUM,68.11,WEB,0
O00247,C0613,PARCEL,13/07/24 18:59,4,EAST,SOUTH,HIGH,124.3,APP,0
O00248,C0153,PASSENGER,22/03/24 18:11,4,SOUTH,AIRPORT,MEDIUM,16.18,PHONE,0
O00249,C0566,BUSINESS,11/07/24 18:22,2,CENTRAL,WEST,CRITICAL,218.68,APP,0
O00250,C0300,PASSENGER,24/04/25 11:49,24,CENTRAL,NORTH,MEDIUM,9.42,APP,0
O00251,C0581,PARCEL,12/07/25 13:46,1,RIVERSIDE,SOUTH,MEDIUM,42.45,APP,0
O00252,C0232,PARCEL,03/10/24 15:20,1,EAST,NORTH,LOW,66.88,PHONE,0
O00253,C0543,RETAIL,28/06/24 08:57,4,CENTRAL,WEST,HIGH,144.86,WEB,0
O00254,C0097,PARCEL,20/09/24 17:01,4,NORTH,WEST,MEDIUM,115.81,APP,0
O00255,C0225,RETAIL,17/06/24 20:17,12,SOUTH,CENTRAL,CRITICAL,139.77,PHONE,0
O00256,C0564,RETAIL,30/08/24 22:01,6,NORTH,NORTH,HIGH,131.08,APP,0
O00257,C0128,PASSENGER,08/11/24 01:25,6,SOUTH,NORTH,CRITICAL,87.95,PHONE,1
O00258,C0107,BUSINESS,04/03/25 06:57,4,CENTRAL,WEST,LOW,98.81,APP,0
O00259,C0122,RETAIL,09/09/25 09:55,24,SOUTH,EAST,HIGH,172.55,APP,1
O00260,C0597,PARCEL,28/05/25 20:06,6,CENTRAL,RIVERSIDE,LOW,198.61,APP,1
O00261,C0003,PASSENGER,20/07/24 07:46,12,WEST,EAST,LOW,165.8,APP,0
O00262,C0265,PASSENGER,28/02/24 04:38,6,CENTRAL,CENTRAL,HIGH,151.47,PHONE,1
O00263,C0031,PARCEL,19/02/24 02:04,2,WEST,CENTRAL,LOW,63.35,APP,0
O00264,C0633,BUSINESS,08/12/25 10:46,6,EAST,AIRPORT,MEDIUM,113.96,APP,1
O00265,C0244,PARCEL,19/05/24 00:12,4,RIVERSIDE,SOUTH,MEDIUM,20.51,APP,0
O00266,C0345,BUSINESS,10/04/24 17:41,2,CENTRAL,NORTH,HIGH,41.27,APP,1
O00267,C0256,PARCEL,16/01/24 20:20,6,AIRPORT,NORTH,LOW,98.71,APP,0
O00268,C0475,MEDICAL,29/01/24 06:20,4,WEST,WEST,MEDIUM,71.4,APP,1
O00269,C0175,PASSENGER,30/11/24 23:01,6,NORTH,RIVERSIDE,MEDIUM,19.29,APP,0
O00270,C0561,BUSINESS,26/10/25 15:25,4,WEST,CENTRAL,MEDIUM,140.61,APP,1
O00271,C0381,PASSENGER,16/09/25 21:51,4,WEST,CENTRAL,CRITICAL,192.54,APP,0
O00272,C0647,RETAIL,12/11/24 05:03,24,RIVERSIDE,CENTRAL,MEDIUM,55.63,APP,0
O00273,C0642,RETAIL,28/02/25 01:05,24,CENTRAL,WEST,MEDIUM,16.14,APP,0
O00274,C0086,PASSENGER,10/03/25 19:21,24,NORTH,WEST,HIGH,90.93,APP,1
O00275,C0473,BUSINESS,21/05/25 19:25,6,SOUTH,EAST,MEDIUM,142.68,APP,0
O00276,C0442,PARCEL,20/09/24 14:55,6,CENTRAL,EAST,MEDIUM,61.64,APP,0
O00277,C0329,PASSENGER,14/01/24 00:59,6,WEST,CENTRAL,MEDIUM,107.13,PHONE,0
O00278,C0183,PASSENGER,20/11/24 18:41,12,CENTRAL,NORTH,HIGH,32.25,PHONE,0
O00279,C0246,BUSINESS,16/11/24 01:26,12,WEST,RIVERSIDE,MEDIUM,61.44,APP,0
O00280,C0206,PASSENGER,20/09/25 22:46,12,EAST,AIRPORT,CRITICAL,151.49,APP,1
O00281,C0437,PASSENGER,12/03/24 05:05,4,AIRPORT,NORTH,LOW,47.49,WEB,0
O00282,C0630,PARCEL,20/01/24 04:13,6,SOUTH,WEST,MEDIUM,207.38,WEB,0
O00283,C0430,BUSINESS,26/05/24 16:49,6,NORTH,WEST,MEDIUM,177.07,APP,0
O00284,C0363,PASSENGER,04/02/24 11:52,24,NORTH,AIRPORT,HIGH,116.68,PHONE,0
O00285,C0180,BUSINESS,01/05/25 13:22,4,NORTH,NORTH,HIGH,106.65,APP,0
O00286,C0402,BUSINESS,07/05/25 21:37,6,WEST,EAST,LOW,84.75,APP,0
O00287,C0201,RETAIL,22/07/25 04:42,1,WEST,AIRPORT,LOW,68.14,PHONE,0
O00288,C0542,MEDICAL,09/08/25 18:21,4,SOUTH,CENTRAL,LOW,56.47,APP,0
O00289,C0574,PARCEL,23/08/24 23:39,24,NORTH,EAST,HIGH,20.53,APP,0
O00290,C0028,MEDICAL,21/09/24 22:30,2,CENTRAL,WEST,HIGH,54.76,APP,0
O00291,C0198,BUSINESS,02/02/24 20:19,4,AIRPORT,SOUTH,LOW,116.22,WEB,0
O00292,C0060,PARCEL,29/10/25 17:45,12,CENTRAL,WEST,MEDIUM,59.59,APP,0
O00293,C0165,PARCEL,04/09/25 17:17,6,CENTRAL,EAST,CRITICAL,67.89,APP,0
O00294,C0486,PARCEL,01/05/25 16:33,1,AIRPORT,AIRPORT,LOW,82.04,APP,0
O00295,C0123,PASSENGER,10/07/24 04:16,2,EAST,NORTH,MEDIUM,45.46,APP,0
O00296,C0400,RETAIL,01/10/24 17:30,6,SOUTH,NORTH,MEDIUM,10.85,APP,0
O00297,C0560,PASSENGER,04/12/24 20:51,6,AIRPORT,RIVERSIDE,LOW,151.53,WEB,0
O00298,C0184,PARCEL,01/06/25 04:40,4,WEST,NORTH,LOW,28.65,WEB,0
O00299,C0566,RETAIL,21/08/24 12:48,6,SOUTH,CENTRAL,LOW,172.53,API,0
O00300,C0512,RETAIL,04/02/24 00:39,4,RIVERSIDE,SOUTH,LOW,33.34,APP,1
O00301,C0181,BUSINESS,17/05/24 03:03,6,EAST,RIVERSIDE,MEDIUM,63.32,APP,0
O00302,C0558,RETAIL,07/10/25 16:13,24,RIVERSIDE,CENTRAL,HIGH,228.25,WEB,0
O00303,C0514,RETAIL,22/07/25 05:16,4,CENTRAL,SOUTH,MEDIUM,48.67,WEB,0
O00304,C0253,PASSENGER,09/12/25 11:47,12,EAST,RIVERSIDE,HIGH,134.68,APP,0
O00305,C0322,PARCEL,06/01/24 05:55,24,RIVERSIDE,AIRPORT,LOW,46.14,PHONE,0
O00306,C0613,PASSENGER,14/06/24 16:01,4,NORTH,NORTH,LOW,42.22,PHONE,0
O00307,C0343,PARCEL,25/12/24 22:15,4,EAST,RIVERSIDE,LOW,73.14,APP,0
O00308,C0458,PASSENGER,28/03/25 15:13,12,AIRPORT,WEST,MEDIUM,100.44,API,0
O00309,C0073,PARCEL,13/10/25 11:57,1,SOUTH,AIRPORT,MEDIUM,175.54,PHONE,0
O00310,C0094,RETAIL,02/02/25 14:13,24,CENTRAL,WEST,HIGH,28.08,APP,0
O00311,C0215,MEDICAL,27/11/24 00:06,12,CENTRAL,SOUTH,HIGH,167.59,PHONE,0
O00312,C0164,PASSENGER,11/06/25 23:00,6,EAST,EAST,MEDIUM,124.24,APP,0
O00313,C0616,MEDICAL,03/08/24 20:58,24,SOUTH,NORTH,LOW,11.11,APP,0
O00314,C0626,MEDICAL,15/02/25 21:55,6,EAST,EAST,HIGH,39.37,WEB,0
O00315,C0494,PARCEL,25/12/24 01:14,4,NORTH,SOUTH,LOW,159.29,APP,0
O00316,C0094,MEDICAL,31/07/25 12:26,6,WEST,WEST,LOW,53.63,APP,0
O00317,C0094,PASSENGER,19/01/25 21:40,6,RIVERSIDE,WEST,HIGH,236.09,APP,1
O00318,C0009,RETAIL,17/08/24 00:16,6,RIVERSIDE,SOUTH,LOW,84.27,WEB,1
O00319,C0335,BUSINESS,22/01/24 08:45,24,CENTRAL,AIRPORT,LOW,124.48,APP,0
O00320,C0519,PARCEL,20/03/25 07:14,1,CENTRAL,WEST,HIGH,97.13,PHONE,0
O00321,C0016,MEDICAL,28/12/24 06:20,4,CENTRAL,WEST,MEDIUM,97.42,WEB,0
O00322,C0495,BUSINESS,03/11/25 20:17,4,CENTRAL,SOUTH,HIGH,61.55,APP,0
O00323,C0487,RETAIL,11/01/24 15:13,4,SOUTH,NORTH,LOW,22.09,PHONE,0
O00324,C0019,PASSENGER,08/06/25 05:30,1,SOUTH,RIVERSIDE,HIGH,131.3,APP,1
O00325,C0259,PASSENGER,30/09/24 04:52,2,NORTH,SOUTH,MEDIUM,70.71,WEB,0
O00326,C0178,PASSENGER,11/03/24 09:05,12,WEST,WEST,MEDIUM,242.48,WEB,0
O00327,C0435,RETAIL,12/05/24 00:31,4,NORTH,NORTH,LOW,90.61,API,0
O00328,C0491,BUSINESS,09/12/24 05:20,2,EAST,SOUTH,MEDIUM,37.78,APP,0
O00329,C0278,PARCEL,30/11/25 19:38,6,CENTRAL,SOUTH,MEDIUM,7.02,WEB,1
O00330,C0172,MEDICAL,04/08/25 06:37,1,WEST,RIVERSIDE,MEDIUM,49.61,WEB,0
O00331,C0399,PARCEL,23/02/24 06:54,6,RIVERSIDE,EAST,MEDIUM,36.77,APP,0
O00332,C0110,BUSINESS,01/04/25 01:49,12,NORTH,RIVERSIDE,MEDIUM,93.33,PHONE,0
O00333,C0123,MEDICAL,25/03/25 05:27,6,EAST,CENTRAL,MEDIUM,71.97,APP,0
O00334,C0500,PARCEL,23/05/24 09:43,4,RIVERSIDE,SOUTH,HIGH,62.54,API,0
O00335,C0482,PASSENGER,26/01/24 03:09,24,NORTH,AIRPORT,HIGH,227.61,API,1
O00336,C0115,RETAIL,01/10/24 04:58,6,WEST,CENTRAL,CRITICAL,108.38,APP,0
O00337,C0463,RETAIL,11/05/24 04:32,6,WEST,AIRPORT,CRITICAL,68.13,APP,1
O00338,C0648,PASSENGER,26/12/24 03:48,6,RIVERSIDE,RIVERSIDE,MEDIUM,38.31,APP,0
O00339,C0301,MEDICAL,21/06/24 14:43,2,AIRPORT,NORTH,HIGH,238.92,WEB,0
O00340,C0127,RETAIL,02/10/25 02:26,2,CENTRAL,AIRPORT,HIGH,89.8,APP,0
O00341,C0026,RETAIL,13/12/24 20:58,4,RIVERSIDE,EAST,MEDIUM,36.59,APP,0
O00342,C0643,PASSENGER,11/12/25 22:25,6,NORTH,SOUTH,LOW,187.9,WEB,0
O00343,C0184,BUSINESS,12/09/24 01:37,2,CENTRAL,SOUTH,MEDIUM,81.36,APP,0
O00344,C0594,PARCEL,28/08/24 06:50,6,CENTRAL,NORTH,MEDIUM,104.62,API,1
O00345,C0337,RETAIL,10/04/25 22:00,6,EAST,CENTRAL,HIGH,27.35,PHONE,0
O00346,C0500,RETAIL,02/08/24 04:32,2,RIVERSIDE,EAST,MEDIUM,84.74,APP,0
O00347,C0004,PARCEL,09/01/25 07:36,12,SOUTH,SOUTH,MEDIUM,78.58,UNKNOWN,0
O00348,C0372,PARCEL,16/03/25 22:06,2,NORTH,SOUTH,HIGH,58.25,WEB,0
O00349,C0161,BUSINESS,21/01/24 01:57,2,NORTH,CENTRAL,MEDIUM,55.21,API,0
O00350,C0197,RETAIL,20/11/24 02:56,4,EAST,WEST,HIGH,13.42,APP,0
O00351,C0259,PARCEL,22/04/24 03:31,1,AIRPORT,WEST,MEDIUM,20.77,WEB,1
O00352,C0097,PARCEL,19/05/24 16:27,4,AIRPORT,NORTH,LOW,271.29,APP,0
O00353,C0354,BUSINESS,01/03/24 05:14,4,WEST,AIRPORT,LOW,135.85,PHONE,0
O00354,C0154,PARCEL,12/02/25 17:09,2,EAST,RIVERSIDE,LOW,78.37,WEB,0
O00355,C0006,PASSENGER,10/10/25 23:34,4,RIVERSIDE,RIVERSIDE,MEDIUM,59.47,APP,0
O00356,C0430,MEDICAL,27/05/25 03:33,4,RIVERSIDE,AIRPORT,MEDIUM,64.6,APP,0
O00357,C0608,RETAIL,28/12/24 15:58,2,CENTRAL,SOUTH,MEDIUM,171.28,PHONE,0
O00358,C0273,PASSENGER,20/03/24 11:13,4,RIVERSIDE,CENTRAL,LOW,94.51,APP,0
O00359,C0048,PASSENGER,17/08/24 23:04,24,EAST,CENTRAL,HIGH,134.58,WEB,0
O00360,C0506,PASSENGER,10/06/24 22:11,1,CENTRAL,CENTRAL,HIGH,111.56,APP,0
O00361,C0345,BUSINESS,16/01/24 08:17,1,EAST,SOUTH,LOW,256.22,APP,0
O00362,C0586,MEDICAL,03/11/24 01:12,4,CENTRAL,RIVERSIDE,HIGH,43.69,PHONE,0
O00363,C0230,PASSENGER,06/04/25 01:26,4,RIVERSIDE,SOUTH,HIGH,35.91,APP,1
O00364,C0354,MEDICAL,23/07/25 11:17,12,WEST,CENTRAL,CRITICAL,114.81,APP,0
O00365,C0237,MEDICAL,01/11/24 10:44,4,EAST,WEST,LOW,21.18,PHONE,1
O00366,C0592,BUSINESS,02/12/24 20:29,24,CENTRAL,SOUTH,HIGH,52.46,APP,0
O00367,C0162,PASSENGER,07/11/25 09:35,4,SOUTH,NORTH,HIGH,46.71,PHONE,0
O00368,C0552,BUSINESS,12/04/24 22:26,4,CENTRAL,NORTH,HIGH,89.38,APP,1
O00369,C0093,BUSINESS,10/02/24 12:27,6,CENTRAL,RIVERSIDE,MEDIUM,70.75,PHONE,0
O00370,C0021,PARCEL,21/11/24 17:26,4,SOUTH,SOUTH,HIGH,74.04,PHONE,0
O00371,C0530,BUSINESS,27/01/25 04:24,4,NORTH,NORTH,MEDIUM,73.83,WEB,1
O00372,C0536,PARCEL,29/01/25 13:51,2,SOUTH,RIVERSIDE,LOW,57.99,APP,1
O00373,C0372,PARCEL,26/05/24 20:00,24,NORTH,CENTRAL,MEDIUM,95.4,APP,0
O00374,C0343,PARCEL,09/01/24 19:32,24,NORTH,RIVERSIDE,MEDIUM,93.34,WEB,0
O00375,C0012,MEDICAL,17/09/24 22:39,4,CENTRAL,EAST,HIGH,150.39,PHONE,0
O00376,C0286,PASSENGER,21/01/25 07:52,12,NORTH,WEST,CRITICAL,33.38,API,0
O00377,C0131,RETAIL,22/07/24 21:07,12,AIRPORT,EAST,MEDIUM,213.06,APP,1
O00378,C0485,RETAIL,29/03/24 19:50,6,NORTH,NORTH,HIGH,172.56,WEB,1
O00379,C0648,PARCEL,02/04/24 22:03,4,NORTH,EAST,MEDIUM,52.58,WEB,0
O00380,C0057,PASSENGER,19/02/25 22:35,6,NORTH,NORTH,LOW,95.96,APP,0
O00381,C0420,PARCEL,28/11/24 21:41,24,EAST,WEST,LOW,67.67,WEB,0
O00382,C0463,RETAIL,29/03/25 17:42,6,CENTRAL,RIVERSIDE,HIGH,54.18,API,0
O00383,C0442,RETAIL,19/11/24 14:36,4,WEST,EAST,CRITICAL,109.08,APP,0
O00384,C0469,MEDICAL,01/01/24 15:47,4,CENTRAL,CENTRAL,LOW,12.58,WEB,0
O00385,C0646,PASSENGER,24/10/25 15:32,4,RIVERSIDE,RIVERSIDE,MEDIUM,226.69,PHONE,0
O00386,C0250,MEDICAL,16/12/24 18:34,6,CENTRAL,CENTRAL,MEDIUM,95.67,WEB,0
O00387,C0470,PASSENGER,24/01/25 07:52,1,SOUTH,EAST,HIGH,107.34,PHONE,0
O00388,C0292,RETAIL,10/06/25 23:55,4,NORTH,RIVERSIDE,HIGH,66.17,APP,0
O00389,C0361,PASSENGER,22/01/25 11:45,4,CENTRAL,RIVERSIDE,LOW,65.05,APP,0
O00390,C0150,PASSENGER,03/06/24 12:33,6,NORTH,NORTH,MEDIUM,42.46,WEB,0
O00391,C0541,RETAIL,29/09/24 19:42,1,WEST,RIVERSIDE,HIGH,12.76,API,0
O00392,C0356,RETAIL,24/11/25 10:04,6,EAST,RIVERSIDE,MEDIUM,73.04,APP,0
O00393,C0573,PARCEL,10/05/25 17:42,4,CENTRAL,EAST,LOW,64.93,WEB,0
O00394,C0479,RETAIL,16/08/24 19:48,12,AIRPORT,WEST,MEDIUM,71.08,APP,1
O00395,C0060,PASSENGER,28/09/24 08:58,1,WEST,EAST,MEDIUM,20.16,WEB,0
O00396,C0475,RETAIL,29/04/25 23:22,12,CENTRAL,EAST,MEDIUM,63.67,APP,0
O00397,C0417,PARCEL,18/06/25 18:30,12,AIRPORT,SOUTH,MEDIUM,42.94,APP,1
O00398,C0382,BUSINESS,08/07/25 07:09,4,EAST,AIRPORT,MEDIUM,56.33,APP,0
O00399,C0644,PARCEL,03/08/24 16:23,4,CENTRAL,AIRPORT,LOW,30.74,APP,0
O00400,C0426,RETAIL,20/06/25 06:33,6,NORTH,EAST,HIGH,145.15,WEB,1
O00401,C0252,MEDICAL,22/06/24 11:15,24,EAST,AIRPORT,LOW,28.61,WEB,0
O00402,C0104,RETAIL,20/11/25 05:09,4,WEST,EAST,MEDIUM,121.87,APP,1
O00403,C0573,BUSINESS,11/08/25 14:11,4,RIVERSIDE,AIRPORT,CRITICAL,44.48,API,1
O00404,C0139,PASSENGER,17/10/25 20:55,1,SOUTH,AIRPORT,MEDIUM,213.39,PHONE,0
O00405,C0055,BUSINESS,14/02/24 10:24,6,CENTRAL,RIVERSIDE,CRITICAL,142.88,APP,0
O00406,C0631,RETAIL,01/05/25 13:07,2,AIRPORT,RIVERSIDE,CRITICAL,59.17,APP,0
O00407,C0575,MEDICAL,23/02/25 04:44,12,WEST,CENTRAL,HIGH,189.02,WEB,0
O00408,C0446,PARCEL,14/09/24 12:06,24,NORTH,WEST,HIGH,58.75,APP,0
O00409,C0065,PASSENGER,01/08/25 11:42,6,SOUTH,NORTH,MEDIUM,38.48,APP,0
O00410,C0174,MEDICAL,19/06/25 16:19,1,EAST,WEST,MEDIUM,39.34,PHONE,1
O00411,C0497,BUSINESS,04/08/25 21:05,4,CENTRAL,CENTRAL,MEDIUM,71.11,APP,0
O00412,C0601,PASSENGER,10/08/24 12:18,6,NORTH,AIRPORT,CRITICAL,54.76,APP,0
O00413,C0183,PASSENGER,04/01/25 22:07,4,AIRPORT,NORTH,LOW,35.52,APP,0
O00414,C0023,PARCEL,04/05/25 20:30,6,SOUTH,WEST,MEDIUM,283.98,APP,0
O00415,C0591,RETAIL,27/06/24 16:09,4,CENTRAL,RIVERSIDE,MEDIUM,19.76,APP,0
O00416,C0552,MEDICAL,01/07/24 21:08,2,AIRPORT,AIRPORT,HIGH,26.83,APP,0
O00417,C0486,RETAIL,01/10/25 15:33,4,SOUTH,RIVERSIDE,LOW,113.56,UNKNOWN,0
O00418,C0467,PASSENGER,11/07/25 07:39,12,RIVERSIDE,SOUTH,CRITICAL,46.83,WEB,0
O00419,C0013,RETAIL,14/01/25 16:21,24,WEST,EAST,MEDIUM,187.6,APP,0
O00420,C0506,BUSINESS,25/01/25 08:01,4,RIVERSIDE,EAST,LOW,40.04,PHONE,0
O00421,C0599,PARCEL,23/07/25 06:00,24,RIVERSIDE,EAST,MEDIUM,37.25,APP,0
O00422,C0034,PASSENGER,08/07/25 08:03,6,CENTRAL,WEST,MEDIUM,15.05,APP,0
O00423,C0403,PASSENGER,27/08/25 05:19,2,SOUTH,RIVERSIDE,HIGH,189.36,PHONE,0
O00424,C0563,BUSINESS,07/11/25 08:58,12,RIVERSIDE,WEST,MEDIUM,43.18,APP,0
O00425,C0550,PASSENGER,27/11/24 08:15,4,AIRPORT,EAST,HIGH,78.8,WEB,0
O00426,C0383,BUSINESS,28/09/24 14:05,2,RIVERSIDE,RIVERSIDE,LOW,82.0,WEB,0
O00427,C0151,PARCEL,21/06/25 20:31,1,CENTRAL,WEST,MEDIUM,166.06,APP,0
O00428,C0275,MEDICAL,31/03/24 06:08,1,WEST,AIRPORT,HIGH,72.42,WEB,0
O00429,C0466,PASSENGER,03/09/25 09:39,1,RIVERSIDE,SOUTH,MEDIUM,20.27,APP,0
O00430,C0029,RETAIL,15/01/25 01:45,12,CENTRAL,SOUTH,MEDIUM,40.49,API,0
O00431,C0425,RETAIL,29/03/25 12:23,4,SOUTH,RIVERSIDE,MEDIUM,24.45,APP,0
O00432,C0648,RETAIL,02/12/24 22:48,4,CENTRAL,WEST,HIGH,158.21,WEB,0
O00433,C0633,RETAIL,29/10/24 13:27,12,CENTRAL,CENTRAL,MEDIUM,85.59,PHONE,0
O00434,C0500,PARCEL,25/10/25 19:51,1,AIRPORT,RIVERSIDE,HIGH,45.89,APP,0
O00435,C0102,RETAIL,19/09/24 11:15,4,SOUTH,CENTRAL,MEDIUM,47.28,PHONE,1
O00436,C0218,MEDICAL,29/01/25 18:08,1,AIRPORT,NORTH,CRITICAL,56.57,WEB,0
O00437,C0618,RETAIL,25/09/25 06:54,4,AIRPORT,RIVERSIDE,MEDIUM,98.88,APP,0
O00438,C0491,BUSINESS,29/12/25 18:23,4,NORTH,WEST,LOW,27.39,PHONE,0
O00439,C0577,MEDICAL,03/05/24 21:13,1,NORTH,CENTRAL,HIGH,53.87,WEB,0
O00440,C0032,PASSENGER,12/03/24 02:05,12,EAST,EAST,HIGH,56.81,APP,0
O00441,C0509,PASSENGER,04/01/25 12:25,12,EAST,CENTRAL,CRITICAL,77.58,APP,0
O00442,C0080,BUSINESS,22/06/25 13:31,4,CENTRAL,WEST,HIGH,81.32,API,1
O00443,C0378,PARCEL,20/10/25 00:06,12,NORTH,RIVERSIDE,MEDIUM,63.8,APP,1
O00444,C0319,RETAIL,30/08/25 18:29,4,WEST,AIRPORT,MEDIUM,23.99,PHONE,0
O00445,C0054,PASSENGER,18/04/25 22:53,2,SOUTH,RIVERSIDE,HIGH,68.98,APP,0
O00446,C0172,PASSENGER,22/03/25 13:30,12,AIRPORT,EAST,MEDIUM,233.36,WEB,0
O00447,C0082,RETAIL,29/06/24 02:28,1,WEST,EAST,MEDIUM,24.57,PHONE,0
O00448,C0487,MEDICAL,02/11/25 15:08,4,CENTRAL,NORTH,LOW,68.78,WEB,0
O00449,C0544,PASSENGER,06/08/25 00:42,2,NORTH,AIRPORT,LOW,102.53,APP,0
O00450,C0527,RETAIL,25/08/24 23:12,2,RIVERSIDE,RIVERSIDE,LOW,31.33,APP,0
O00451,C0012,RETAIL,15/02/25 17:02,12,EAST,RIVERSIDE,CRITICAL,97.23,PHONE,0
O00452,C0583,PASSENGER,27/11/25 09:35,2,CENTRAL,CENTRAL,MEDIUM,56.63,PHONE,1
O00453,C0224,RETAIL,12/04/24 12:49,6,SOUTH,WEST,MEDIUM,27.48,PHONE,0
O00454,C0251,MEDICAL,15/04/25 03:05,12,WEST,NORTH,MEDIUM,51.66,APP,0
O00455,C0178,PASSENGER,14/08/24 02:36,6,AIRPORT,AIRPORT,HIGH,144.79,APP,0
O00456,C0124,PARCEL,16/01/24 03:31,2,EAST,RIVERSIDE,HIGH,87.85,APP,0
O00457,C0396,PARCEL,31/03/24 06:36,12,EAST,EAST,MEDIUM,123.49,APP,0
O00458,C0546,PARCEL,04/10/25 01:52,12,CENTRAL,EAST,HIGH,87.24,API,0
O00459,C0478,RETAIL,28/11/25 06:45,24,SOUTH,SOUTH,LOW,203.99,APP,0
O00460,C0097,PASSENGER,12/09/24 15:55,4,CENTRAL,NORTH,LOW,72.35,WEB,0
O00461,C0153,PASSENGER,26/02/24 17:44,4,WEST,EAST,CRITICAL,55.94,WEB,0
O00462,C0381,PARCEL,03/03/25 18:08,6,RIVERSIDE,EAST,MEDIUM,55.77,APP,0
O00463,C0370,MEDICAL,20/02/25 01:55,2,EAST,CENTRAL,LOW,96.83,APP,0
O00464,C0063,PARCEL,10/03/25 04:20,2,SOUTH,EAST,CRITICAL,51.61,PHONE,0
O00465,C0149,MEDICAL,12/08/24 06:33,2,EAST,NORTH,LOW,20.53,APP,0
O00466,C0028,BUSINESS,01/07/24 05:34,6,WEST,AIRPORT,HIGH,88.87,WEB,0
O00467,C0612,PASSENGER,10/08/24 16:16,2,NORTH,SOUTH,HIGH,193.9,WEB,0
O00468,C0062,RETAIL,29/03/24 10:24,2,EAST,SOUTH,MEDIUM,22.82,APP,0
O00469,C0186,PARCEL,18/09/24 21:54,4,EAST,EAST,LOW,92.55,APP,0
O00470,C0265,BUSINESS,11/01/24 17:25,12,EAST,EAST,LOW,131.93,WEB,0
O00471,C0346,PASSENGER,06/07/25 13:43,6,EAST,AIRPORT,MEDIUM,69.38,WEB,0
O00472,C0636,PARCEL,22/02/24 09:19,4,SOUTH,RIVERSIDE,MEDIUM,287.3,WEB,0
O00473,C0266,MEDICAL,09/11/24 12:51,2,EAST,AIRPORT,HIGH,40.6,APP,1
O00474,C0029,MEDICAL,22/03/25 17:16,2,AIRPORT,CENTRAL,MEDIUM,283.42,PHONE,0
O00475,C0498,PASSENGER,11/08/24 06:08,24,CENTRAL,WEST,HIGH,156.78,APP,0
O00476,C0078,PASSENGER,23/02/24 06:34,24,WEST,EAST,LOW,89.17,APP,0
O00477,C0441,PASSENGER,29/10/25 11:59,2,WEST,CENTRAL,MEDIUM,189.25,PHONE,0
O00478,C0521,MEDICAL,20/04/25 21:31,2,WEST,SOUTH,CRITICAL,160.09,APP,0
O00479,C0226,RETAIL,27/12/25 18:09,12,CENTRAL,NORTH,LOW,87.76,APP,0
O00480,C0088,PASSENGER,01/09/25 10:12,6,EAST,WEST,LOW,51.54,PHONE,0
O00481,C0010,RETAIL,04/12/25 22:35,1,SOUTH,WEST,MEDIUM,10.74,API,1
O00482,C0268,RETAIL,11/10/25 01:46,6,EAST,WEST,MEDIUM,114.62,PHONE,0
O00483,C0285,BUSINESS,17/11/24 00:34,1,RIVERSIDE,NORTH,MEDIUM,117.11,PHONE,0
O00484,C0152,PARCEL,03/10/24 13:36,24,EAST,RIVERSIDE,CRITICAL,134.61,APP,0
O00485,C0168,PASSENGER,27/11/24 01:17,1,NORTH,CENTRAL,HIGH,95.19,API,0
O00486,C0316,RETAIL,08/12/24 14:18,2,CENTRAL,NORTH,HIGH,50.89,APP,0
O00487,C0263,PASSENGER,24/07/24 22:13,4,RIVERSIDE,WEST,MEDIUM,57.27,PHONE,0
O00488,C0050,MEDICAL,29/08/25 19:29,4,NORTH,SOUTH,LOW,111.27,PHONE,0
O00489,C0483,MEDICAL,19/02/25 23:28,24,CENTRAL,EAST,MEDIUM,41.11,WEB,1
O00490,C0562,RETAIL,27/07/24 06:03,4,NORTH,SOUTH,LOW,73.56,APP,0
O00491,C0460,BUSINESS,07/03/24 13:54,1,SOUTH,WEST,CRITICAL,41.62,APP,1
O00492,C0243,RETAIL,16/10/25 03:03,6,WEST,SOUTH,CRITICAL,70.04,APP,0
O00493,C0370,PARCEL,20/05/24 02:52,6,EAST,NORTH,CRITICAL,55.91,WEB,0
O00494,C0304,PARCEL,09/02/25 15:11,1,EAST,AIRPORT,MEDIUM,50.08,APP,0
O00495,C0590,PASSENGER,15/01/24 23:35,6,EAST,SOUTH,LOW,133.15,APP,0
O00496,C0627,PASSENGER,17/06/24 15:14,4,SOUTH,AIRPORT,CRITICAL,117.66,APP,0
O00497,C0631,MEDICAL,21/11/25 23:43,12,SOUTH,CENTRAL,LOW,169.24,APP,0
O00498,C0081,RETAIL,28/10/24 06:34,4,SOUTH,CENTRAL,MEDIUM,68.95,WEB,0
O00499,C0198,PASSENGER,06/11/24 04:49,4,EAST,CENTRAL,MEDIUM,62.77,PHONE,0
O00500,C0131,RETAIL,30/07/24 16:06,12,NORTH,WEST,LOW,64.83,APP,0
O00501,C0547,RETAIL,21/04/25 03:12,1,CENTRAL,EAST,LOW,36.69,WEB,1
O00502,C0169,PARCEL,04/03/24 01:26,4,RIVERSIDE,SOUTH,MEDIUM,61.9,APP,0
O00503,C0242,PASSENGER,17/08/24 21:53,6,CENTRAL,RIVERSIDE,LOW,41.14,WEB,0
O00504,C0362,PARCEL,20/09/24 22:57,2,CENTRAL,EAST,LOW,47.18,APP,0
O00505,C0319,RETAIL,29/03/25 21:27,12,AIRPORT,WEST,HIGH,84.65,WEB,0
O00506,C0603,RETAIL,06/07/24 01:59,6,EAST,EAST,MEDIUM,33.03,PHONE,0
O00507,C0484,PARCEL,13/12/25 04:02,4,SOUTH,WEST,MEDIUM,62.89,APP,0
O00508,C0584,PARCEL,06/12/24 14:18,24,NORTH,CENTRAL,MEDIUM,68.61,PHONE,0
O00509,C0535,RETAIL,26/08/24 18:51,1,EAST,CENTRAL,MEDIUM,160.38,PHONE,0
O00510,C0477,MEDICAL,22/11/24 22:35,4,WEST,WEST,MEDIUM,170.3,UNKNOWN,0
O00511,C0119,PARCEL,06/06/24 09:58,24,WEST,WEST,HIGH,150.89,API,0
O00512,C0242,PARCEL,21/09/24 10:35,4,NORTH,CENTRAL,CRITICAL,10.74,APP,0
O00513,C0202,PASSENGER,08/07/24 04:51,4,WEST,SOUTH,HIGH,111.28,PHONE,1
O00514,C0280,PASSENGER,11/12/25 07:25,2,EAST,CENTRAL,LOW,126.79,PHONE,0
O00515,C0578,RETAIL,02/03/24 10:24,6,NORTH,NORTH,MEDIUM,65.74,PHONE,0
O00516,C0473,PASSENGER,06/08/24 20:18,2,SOUTH,EAST,MEDIUM,117.13,APP,0
O00517,C0015,MEDICAL,16/08/24 20:34,4,SOUTH,WEST,LOW,49.24,APP,0
O00518,C0112,MEDICAL,12/11/25 02:12,12,NORTH,EAST,HIGH,61.85,WEB,0
O00519,C0437,PASSENGER,20/04/25 04:46,2,SOUTH,RIVERSIDE,LOW,47.89,PHONE,0
O00520,C0539,PASSENGER,07/07/24 13:21,2,CENTRAL,AIRPORT,LOW,36.42,APP,0
O00521,C0109,PARCEL,26/11/25 12:07,1,AIRPORT,SOUTH,HIGH,76.48,WEB,0
O00522,C0594,PASSENGER,02/09/24 11:07,24,RIVERSIDE,CENTRAL,MEDIUM,152.25,PHONE,0
O00523,C0181,MEDICAL,11/04/25 06:41,6,AIRPORT,AIRPORT,LOW,82.31,WEB,1
O00524,C0052,PASSENGER,20/06/25 16:04,4,AIRPORT,RIVERSIDE,MEDIUM,40.41,APP,1
O00525,C0223,PARCEL,24/10/24 15:22,1,SOUTH,AIRPORT,HIGH,29.46,APP,0
O00526,C0630,PARCEL,19/01/24 15:56,4,AIRPORT,WEST,LOW,69.63,APP,0
O00527,C0203,PARCEL,04/05/24 06:31,6,SOUTH,AIRPORT,MEDIUM,65.29,APP,1
O00528,C0152,PASSENGER,13/10/24 09:38,12,CENTRAL,CENTRAL,MEDIUM,126.48,APP,0
O00529,C0422,RETAIL,20/08/25 17:48,4,EAST,AIRPORT,MEDIUM,355.62,APP,0
O00530,C0618,MEDICAL,31/03/24 06:08,4,AIRPORT,NORTH,LOW,45.66,APP,1
O00531,C0013,BUSINESS,26/04/25 08:49,24,AIRPORT,AIRPORT,HIGH,157.07,APP,0
O00532,C0527,RETAIL,20/08/24 18:59,2,RIVERSIDE,CENTRAL,LOW,55.72,PHONE,0
O00533,C0338,RETAIL,11/03/24 01:37,4,CENTRAL,NORTH,MEDIUM,74.26,APP,0
O00534,C0159,PARCEL,09/05/25 03:00,2,AIRPORT,CENTRAL,CRITICAL,188.05,APP,1
O00535,C0093,RETAIL,18/12/24 06:09,6,RIVERSIDE,RIVERSIDE,MEDIUM,24.09,APP,0
O00536,C0372,MEDICAL,11/03/25 09:03,12,WEST,CENTRAL,LOW,204.12,WEB,1
O00537,C0153,BUSINESS,25/06/24 10:22,6,CENTRAL,CENTRAL,MEDIUM,50.23,WEB,1
O00538,C0377,BUSINESS,04/05/25 15:15,1,WEST,CENTRAL,HIGH,50.6,APP,0
O00539,C0098,BUSINESS,12/03/24 23:23,6,CENTRAL,EAST,HIGH,167.91,APP,0
O00540,C0232,RETAIL,07/02/24 03:50,4,EAST,WEST,HIGH,142.72,WEB,0
O00541,C0272,RETAIL,11/01/24 02:46,4,WEST,EAST,LOW,126.42,APP,0
O00542,C0504,PASSENGER,26/07/25 14:06,4,CENTRAL,EAST,LOW,76.58,APP,1
O00543,C0468,PASSENGER,18/07/25 03:50,4,AIRPORT,RIVERSIDE,MEDIUM,68.06,APP,0
O00544,C0212,RETAIL,14/06/24 19:25,24,CENTRAL,WEST,LOW,53.15,PHONE,0
O00545,C0211,PARCEL,17/04/25 01:02,24,CENTRAL,NORTH,LOW,100.18,WEB,0
O00546,C0242,BUSINESS,02/10/24 16:37,24,RIVERSIDE,SOUTH,HIGH,51.06,API,1
O00547,C0640,RETAIL,04/09/24 13:41,24,CENTRAL,SOUTH,HIGH,43.73,APP,0
O00548,C0105,PASSENGER,14/12/25 04:26,2,AIRPORT,EAST,MEDIUM,34.87,PHONE,0
O00549,C0119,BUSINESS,14/08/25 11:04,6,EAST,WEST,MEDIUM,86.89,PHONE,0
O00550,C0502,BUSINESS,18/01/25 23:42,24,CENTRAL,RIVERSIDE,MEDIUM,64.79,WEB,1
O00551,C0317,RETAIL,16/06/24 11:10,6,CENTRAL,EAST,HIGH,82.67,PHONE,0
O00552,C0341,PASSENGER,11/09/25 02:21,4,RIVERSIDE,SOUTH,LOW,76.7,APP,0
O00553,C0408,RETAIL,01/06/24 20:55,6,NORTH,RIVERSIDE,HIGH,32.16,APP,0
O00554,C0117,MEDICAL,05/06/25 09:09,2,AIRPORT,RIVERSIDE,HIGH,129.89,APP,0
O00555,C0233,RETAIL,24/09/24 03:06,6,WEST,SOUTH,MEDIUM,234.04,APP,0
O00556,C0643,BUSINESS,09/01/24 03:09,2,RIVERSIDE,AIRPORT,MEDIUM,101.94,APP,1
O00557,C0079,PASSENGER,23/05/25 08:34,24,RIVERSIDE,RIVERSIDE,LOW,176.32,WEB,0
O00558,C0057,PARCEL,07/08/25 03:20,1,RIVERSIDE,CENTRAL,CRITICAL,99.68,APP,0
O00559,C0167,BUSINESS,24/04/25 07:10,12,NORTH,EAST,MEDIUM,107.27,PHONE,0
O00560,C0260,PASSENGER,08/05/25 17:02,6,RIVERSIDE,EAST,MEDIUM,62.52,WEB,1
O00561,C0595,RETAIL,06/02/25 08:23,4,CENTRAL,AIRPORT,HIGH,86.87,APP,0
O00562,C0382,PASSENGER,21/07/24 09:25,4,EAST,WEST,MEDIUM,241.72,UNKNOWN,0
O00563,C0284,PARCEL,22/07/25 06:08,6,AIRPORT,RIVERSIDE,LOW,40.2,WEB,0
O00564,C0535,RETAIL,09/02/24 23:55,12,NORTH,CENTRAL,MEDIUM,59.68,APP,0
O00565,C0600,PARCEL,07/01/25 16:15,1,NORTH,SOUTH,LOW,155.2,PHONE,0
O00566,C0455,PARCEL,04/07/24 00:06,6,CENTRAL,CENTRAL,MEDIUM,97.68,PHONE,0
O00567,C0144,RETAIL,24/02/24 15:50,24,SOUTH,RIVERSIDE,LOW,33.6,PHONE,0
O00568,C0412,PASSENGER,19/12/25 18:13,6,CENTRAL,RIVERSIDE,MEDIUM,119.95,PHONE,0
O00569,C0467,PARCEL,12/06/25 23:14,6,CENTRAL,AIRPORT,CRITICAL,104.77,APP,0
O00570,C0379,PARCEL,30/03/24 05:09,2,RIVERSIDE,RIVERSIDE,MEDIUM,56.89,PHONE,0
O00571,C0213,PASSENGER,27/09/24 00:27,24,CENTRAL,RIVERSIDE,MEDIUM,64.21,WEB,0
O00572,C0202,PARCEL,02/06/25 19:33,4,WEST,RIVERSIDE,HIGH,134.79,APP,1
O00573,C0269,RETAIL,22/04/24 09:36,4,CENTRAL,CENTRAL,HIGH,150.38,APP,0
O00574,C0110,RETAIL,05/03/24 02:42,6,RIVERSIDE,NORTH,MEDIUM,59.99,APP,0
O00575,C0179,RETAIL,15/08/25 06:14,12,RIVERSIDE,RIVERSIDE,MEDIUM,30.5,PHONE,0
O00576,C0393,RETAIL,09/06/24 19:49,6,SOUTH,SOUTH,MEDIUM,113.92,APP,0
O00577,C0641,PARCEL,06/09/25 22:52,2,AIRPORT,EAST,HIGH,16.62,PHONE,1
O00578,C0639,RETAIL,03/04/24 07:04,4,CENTRAL,CENTRAL,HIGH,18.53,APP,0
O00579,C0624,MEDICAL,09/05/25 10:06,4,AIRPORT,SOUTH,LOW,24.91,PHONE,0
O00580,C0461,RETAIL,02/12/24 06:39,1,WEST,RIVERSIDE,CRITICAL,78.71,APP,0
O00581,C0495,PASSENGER,12/09/25 05:52,12,NORTH,SOUTH,LOW,138.33,APP,0
O00582,C0275,PARCEL,11/06/24 10:05,2,SOUTH,CENTRAL,MEDIUM,48.36,PHONE,0
O00583,C0469,RETAIL,17/04/25 18:58,6,SOUTH,RIVERSIDE,MEDIUM,89.45,WEB,1
O00584,C0377,RETAIL,07/06/24 00:20,6,AIRPORT,WEST,MEDIUM,137.29,APP,0
O00585,C0160,MEDICAL,25/02/25 13:02,1,SOUTH,RIVERSIDE,MEDIUM,215.96,WEB,1
O00586,C0421,PARCEL,31/03/24 07:09,12,CENTRAL,WEST,CRITICAL,31.49,UNKNOWN,0
O00587,C0113,RETAIL,06/07/25 21:10,4,EAST,AIRPORT,HIGH,115.16,WEB,0
O00588,C0515,PASSENGER,06/03/24 11:49,4,AIRPORT,AIRPORT,LOW,236.46,WEB,0
O00589,C0344,PARCEL,23/05/24 06:12,6,RIVERSIDE,CENTRAL,HIGH,81.6,PHONE,0
O00590,C0386,PARCEL,08/12/24 21:21,2,NORTH,NORTH,MEDIUM,20.52,PHONE,0
O00591,C0228,PASSENGER,26/12/25 02:00,4,NORTH,RIVERSIDE,MEDIUM,15.8,APP,1
O00592,C0563,BUSINESS,05/06/25 01:31,2,RIVERSIDE,EAST,LOW,220.79,PHONE,0
O00593,C0406,PASSENGER,22/06/25 10:58,1,CENTRAL,RIVERSIDE,HIGH,63.86,PHONE,0
O00594,C0116,RETAIL,03/11/24 19:40,4,CENTRAL,EAST,MEDIUM,149.86,APP,1
O00595,C0377,BUSINESS,03/05/24 06:55,12,SOUTH,AIRPORT,MEDIUM,71.08,APP,1
O00596,C0394,PARCEL,10/02/25 01:54,12,SOUTH,EAST,LOW,119.64,APP,0
O00597,C0238,PARCEL,01/09/25 13:05,6,NORTH,NORTH,HIGH,169.18,APP,0
O00598,C0621,RETAIL,28/10/25 22:22,24,RIVERSIDE,CENTRAL,MEDIUM,201.88,APP,0
O00599,C0077,PASSENGER,19/08/25 05:51,1,SOUTH,EAST,MEDIUM,179.87,APP,0
O00600,C0476,PARCEL,19/05/25 21:49,24,AIRPORT,NORTH,LOW,235.8,APP,0
O00601,C0335,RETAIL,23/05/25 04:16,6,NORTH,SOUTH,LOW,49.24,PHONE,0
O00602,C0257,PASSENGER,12/11/25 09:57,6,CENTRAL,AIRPORT,MEDIUM,127.09,WEB,0
O00603,C0351,PARCEL,24/02/24 23:29,24,WEST,RIVERSIDE,MEDIUM,66.39,APP,0
O00604,C0584,PASSENGER,27/11/25 18:10,4,CENTRAL,AIRPORT,MEDIUM,65.15,WEB,0
O00605,C0585,MEDICAL,21/03/25 12:52,1,RIVERSIDE,AIRPORT,LOW,47.71,WEB,1
O00606,C0050,MEDICAL,17/10/25 16:19,1,CENTRAL,WEST,HIGH,37.75,WEB,0
O00607,C0576,PARCEL,30/08/25 17:41,12,WEST,WEST,LOW,219.79,APP,1
O00608,C0394,MEDICAL,10/09/25 03:04,4,WEST,EAST,HIGH,71.8,WEB,0
O00609,C0621,PARCEL,15/09/24 07:15,12,EAST,EAST,LOW,71.86,APP,0
O00610,C0635,PASSENGER,21/07/24 18:29,24,SOUTH,RIVERSIDE,MEDIUM,169.63,API,0
O00611,C0374,RETAIL,29/07/25 07:56,2,WEST,WEST,LOW,132.01,APP,0
O00612,C0169,RETAIL,19/05/25 18:58,4,WEST,EAST,CRITICAL,60.06,PHONE,0
O00613,C0650,RETAIL,12/02/25 22:03,4,AIRPORT,CENTRAL,LOW,84.48,APP,0
O00614,C0393,PASSENGER,02/05/25 21:50,2,WEST,RIVERSIDE,MEDIUM,259.73,APP,0
O00615,C0295,PARCEL,02/08/25 20:43,1,WEST,WEST,HIGH,44.37,APP,0
O00616,C0114,RETAIL,16/12/24 12:25,6,EAST,CENTRAL,MEDIUM,50.57,PHONE,0
O00617,C0352,MEDICAL,30/03/24 07:41,1,CENTRAL,RIVERSIDE,MEDIUM,77.56,WEB,0
O00618,C0581,PARCEL,19/11/25 10:42,12,CENTRAL,SOUTH,MEDIUM,41.64,APP,0
O00619,C0268,RETAIL,09/01/25 13:50,1,CENTRAL,NORTH,MEDIUM,86.7,APP,0
O00620,C0467,RETAIL,11/08/24 00:19,2,SOUTH,WEST,LOW,27.57,APP,0
O00621,C0026,PARCEL,15/05/25 19:01,12,AIRPORT,AIRPORT,MEDIUM,103.8,APP,0
O00622,C0439,PASSENGER,23/04/24 15:26,24,CENTRAL,CENTRAL,HIGH,48.84,PHONE,0
O00623,C0361,BUSINESS,24/02/25 19:19,24,AIRPORT,SOUTH,HIGH,193.96,WEB,0
O00624,C0117,PASSENGER,13/04/25 04:21,24,WEST,CENTRAL,MEDIUM,25.82,WEB,0
O00625,C0376,BUSINESS,07/12/25 06:05,24,WEST,SOUTH,MEDIUM,77.48,PHONE,1
O00626,C0072,PARCEL,28/12/24 12:54,4,NORTH,NORTH,MEDIUM,24.6,WEB,1
O00627,C0114,PARCEL,22/04/25 19:02,6,CENTRAL,CENTRAL,MEDIUM,67.07,WEB,1
O00628,C0056,PASSENGER,26/10/24 10:05,12,RIVERSIDE,NORTH,MEDIUM,52.85,APP,1
O00629,C0368,RETAIL,10/04/24 05:44,6,RIVERSIDE,SOUTH,LOW,55.3,APP,1
O00630,C0369,RETAIL,28/03/25 13:42,2,CENTRAL,CENTRAL,LOW,86.61,APP,0
O00631,C0574,BUSINESS,07/05/25 07:07,2,SOUTH,RIVERSIDE,LOW,47.21,APP,0
O00632,C0611,PASSENGER,08/09/24 21:40,1,CENTRAL,CENTRAL,HIGH,33.21,WEB,1
O00633,C0235,PASSENGER,02/12/24 12:52,2,AIRPORT,CENTRAL,LOW,79.57,APP,0
O00634,C0536,PARCEL,07/07/24 12:17,4,EAST,SOUTH,MEDIUM,171.58,APP,0
O00635,C0314,PARCEL,12/06/24 04:23,2,CENTRAL,NORTH,LOW,73.66,APP,0
O00636,C0208,MEDICAL,20/06/24 07:22,4,WEST,NORTH,MEDIUM,134.63,APP,1
O00637,C0304,PASSENGER,16/09/25 12:19,2,NORTH,SOUTH,CRITICAL,89.63,PHONE,0
O00638,C0257,PASSENGER,26/05/25 10:56,6,WEST,WEST,MEDIUM,54.63,APP,0
O00639,C0480,MEDICAL,06/02/25 19:12,2,CENTRAL,NORTH,MEDIUM,141.93,WEB,0
O00640,C0102,PASSENGER,15/06/24 12:33,12,AIRPORT,WEST,MEDIUM,72.31,API,1
O00641,C0403,PARCEL,01/10/24 00:54,24,NORTH,AIRPORT,HIGH,119.0,PHONE,0
O00642,C0329,RETAIL,28/06/24 03:15,4,RIVERSIDE,AIRPORT,HIGH,24.55,UNKNOWN,0
O00643,C0349,PARCEL,04/10/25 18:51,1,AIRPORT,RIVERSIDE,LOW,181.69,WEB,1
O00644,C0084,BUSINESS,11/03/25 08:47,6,EAST,AIRPORT,HIGH,6.28,APP,0
O00645,C0517,PASSENGER,26/12/24 21:06,6,SOUTH,CENTRAL,MEDIUM,82.91,API,0
O00646,C0518,RETAIL,19/07/25 23:55,2,EAST,SOUTH,MEDIUM,63.73,APP,1
O00647,C0592,PASSENGER,06/10/25 21:24,12,WEST,AIRPORT,HIGH,109.87,APP,0
O00648,C0032,PASSENGER,18/05/24 08:42,2,WEST,SOUTH,MEDIUM,52.97,APP,0
O00649,C0361,PARCEL,03/02/25 02:32,4,EAST,RIVERSIDE,LOW,30.88,APP,0
O00650,C0206,PARCEL,30/09/25 10:28,6,RIVERSIDE,AIRPORT,LOW,39.65,APP,0
O00651,C0345,PARCEL,29/09/24 09:23,6,SOUTH,SOUTH,HIGH,7.14,APP,0
O00652,C0331,RETAIL,11/08/24 21:45,4,SOUTH,WEST,MEDIUM,35.54,APP,0
O00653,C0397,RETAIL,10/09/25 21:24,12,RIVERSIDE,SOUTH,MEDIUM,36.56,APP,0
O00654,C0617,PARCEL,18/06/25 21:03,24,CENTRAL,AIRPORT,HIGH,47.22,APP,0
O00655,C0590,PASSENGER,11/01/25 15:31,4,SOUTH,EAST,LOW,52.51,PHONE,0
O00656,C0211,PARCEL,01/07/25 22:01,6,WEST,NORTH,HIGH,82.24,WEB,0
O00657,C0135,PASSENGER,28/02/24 21:07,6,SOUTH,CENTRAL,LOW,155.89,APP,0
O00658,C0533,RETAIL,24/07/25 12:28,12,NORTH,NORTH,MEDIUM,68.43,APP,0
O00659,C0002,RETAIL,14/11/24 16:57,12,SOUTH,NORTH,LOW,135.53,API,0
O00660,C0288,PASSENGER,06/04/24 23:38,4,CENTRAL,AIRPORT,HIGH,27.65,WEB,1
O00661,C0241,RETAIL,14/04/25 01:20,4,CENTRAL,RIVERSIDE,HIGH,97.98,PHONE,0
O00662,C0117,PARCEL,05/09/25 04:00,12,SOUTH,AIRPORT,HIGH,30.01,WEB,0
O00663,C0380,RETAIL,10/04/24 04:12,2,EAST,EAST,LOW,75.21,APP,1
O00664,C0584,PASSENGER,24/08/25 18:32,4,AIRPORT,WEST,MEDIUM,176.19,APP,0
O00665,C0522,PASSENGER,17/02/24 12:11,4,WEST,CENTRAL,LOW,176.48,APP,1
O00666,C0001,PARCEL,26/08/25 20:17,24,AIRPORT,CENTRAL,LOW,185.32,APP,0
O00667,C0392,PASSENGER,10/04/25 07:18,2,EAST,WEST,MEDIUM,68.27,WEB,1
O00668,C0649,PARCEL,07/11/25 00:26,6,AIRPORT,NORTH,MEDIUM,135.89,APP,0
O00669,C0529,PARCEL,15/07/25 13:41,12,NORTH,EAST,CRITICAL,80.79,APP,0
O00670,C0305,RETAIL,27/03/24 21:40,4,SOUTH,WEST,HIGH,128.5,APP,1
O00671,C0111,RETAIL,24/01/25 15:45,1,NORTH,NORTH,MEDIUM,118.56,PHONE,0
O00672,C0567,RETAIL,01/03/25 22:57,24,AIRPORT,RIVERSIDE,HIGH,20.28,WEB,0
O00673,C0579,PASSENGER,10/11/24 10:10,24,WEST,WEST,HIGH,133.78,PHONE,0
O00674,C0235,PASSENGER,08/11/25 15:52,2,CENTRAL,EAST,MEDIUM,65.56,WEB,0
O00675,C0445,BUSINESS,19/02/24 17:22,24,RIVERSIDE,NORTH,LOW,47.44,APP,0
O00676,C0494,BUSINESS,23/05/24 06:33,2,SOUTH,WEST,LOW,110.61,APP,0
O00677,C0519,PASSENGER,03/04/24 05:19,4,EAST,WEST,HIGH,79.31,WEB,0
O00678,C0197,BUSINESS,17/06/25 05:43,12,AIRPORT,AIRPORT,LOW,14.72,APP,1
O00679,C0244,MEDICAL,15/11/24 01:37,24,WEST,SOUTH,HIGH,74.53,WEB,0
O00680,C0412,PASSENGER,31/10/24 12:49,2,CENTRAL,WEST,HIGH,56.97,WEB,0
O00681,C0438,PARCEL,01/03/25 22:11,24,SOUTH,EAST,MEDIUM,47.11,PHONE,0
O00682,C0529,RETAIL,10/05/24 09:57,2,NORTH,CENTRAL,LOW,97.9,PHONE,0
O00683,C0375,MEDICAL,05/01/25 06:39,6,EAST,AIRPORT,MEDIUM,114.16,UNKNOWN,0
O00684,C0064,PARCEL,24/11/24 14:25,24,CENTRAL,AIRPORT,HIGH,81.01,APP,0
O00685,C0010,BUSINESS,21/04/24 21:16,6,WEST,WEST,LOW,107.85,PHONE,0
O00686,C0476,RETAIL,01/05/25 12:20,6,EAST,SOUTH,MEDIUM,72.67,WEB,0
O00687,C0253,PASSENGER,29/01/25 15:17,4,CENTRAL,AIRPORT,MEDIUM,221.31,APP,0
O00688,C0332,PASSENGER,25/04/24 06:59,6,NORTH,WEST,HIGH,38.09,PHONE,0
O00689,C0349,PASSENGER,29/09/25 14:32,4,RIVERSIDE,RIVERSIDE,MEDIUM,6.04,APP,1
O00690,C0013,RETAIL,22/02/25 20:10,4,AIRPORT,NORTH,HIGH,159.46,APP,0
O00691,C0532,RETAIL,18/11/24 01:09,12,NORTH,EAST,HIGH,231.13,APP,0
O00692,C0223,PARCEL,10/12/24 17:30,4,EAST,EAST,MEDIUM,73.56,WEB,0
O00693,C0199,RETAIL,11/08/25 17:54,2,AIRPORT,AIRPORT,MEDIUM,115.09,APP,0
O00694,C0380,PASSENGER,17/11/25 13:48,6,CENTRAL,RIVERSIDE,MEDIUM,307.5,WEB,0
O00695,C0006,PASSENGER,19/03/24 08:25,6,SOUTH,EAST,LOW,92.36,APP,0
O00696,C0090,PASSENGER,01/06/25 22:58,1,CENTRAL,RIVERSIDE,MEDIUM,67.44,APP,0
O00697,C0454,MEDICAL,02/09/25 16:51,6,EAST,WEST,MEDIUM,7.69,API,0
O00698,C0550,MEDICAL,22/10/24 20:07,2,SOUTH,CENTRAL,HIGH,179.24,APP,0
O00699,C0310,MEDICAL,22/09/24 14:49,12,SOUTH,RIVERSIDE,MEDIUM,202.46,WEB,0
O00700,C0443,PASSENGER,13/01/24 01:34,4,WEST,WEST,MEDIUM,110.49,PHONE,0
O00701,C0021,PARCEL,15/12/25 18:19,4,EAST,RIVERSIDE,MEDIUM,19.97,APP,0
O00702,C0228,RETAIL,28/12/24 19:23,4,EAST,RIVERSIDE,CRITICAL,77.66,APP,0
O00703,C0493,MEDICAL,28/09/24 07:56,6,AIRPORT,NORTH,MEDIUM,250.93,PHONE,0
O00704,C0031,RETAIL,03/12/24 17:06,4,NORTH,NORTH,HIGH,141.29,PHONE,0
O00705,C0013,PARCEL,09/09/25 21:53,6,NORTH,RIVERSIDE,HIGH,118.52,APP,0
O00706,C0243,RETAIL,26/02/25 22:07,2,RIVERSIDE,SOUTH,LOW,39.03,API,1
O00707,C0156,PARCEL,11/10/24 05:41,4,CENTRAL,EAST,MEDIUM,95.62,APP,0
O00708,C0058,PARCEL,29/06/24 23:40,4,WEST,WEST,LOW,108.04,PHONE,0
O00709,C0369,MEDICAL,12/09/25 03:49,12,NORTH,AIRPORT,CRITICAL,49.66,APP,0
O00710,C0322,PASSENGER,17/02/25 12:53,6,SOUTH,SOUTH,LOW,91.43,WEB,0
O00711,C0412,PASSENGER,15/12/24 12:25,2,SOUTH,SOUTH,HIGH,69.11,WEB,0
O00712,C0512,PASSENGER,26/05/25 10:22,2,NORTH,WEST,HIGH,105.64,PHONE,1
O00713,C0316,MEDICAL,07/09/24 22:55,6,SOUTH,NORTH,LOW,48.38,PHONE,0
O00714,C0456,PASSENGER,26/05/24 17:47,24,SOUTH,NORTH,LOW,187.87,APP,0
O00715,C0477,MEDICAL,17/06/25 13:42,6,RIVERSIDE,NORTH,CRITICAL,125.92,APP,0
O00716,C0072,PASSENGER,22/10/24 04:13,6,EAST,NORTH,MEDIUM,5.92,APP,0
O00717,C0508,RETAIL,12/12/24 21:04,4,EAST,SOUTH,LOW,72.1,WEB,0
O00718,C0533,PASSENGER,27/02/25 02:32,2,WEST,AIRPORT,LOW,144.45,PHONE,0
O00719,C0395,PASSENGER,01/04/24 18:42,2,WEST,CENTRAL,LOW,11.54,WEB,0
O00720,C0140,BUSINESS,29/08/24 18:27,2,AIRPORT,AIRPORT,HIGH,111.88,APP,0
O00721,C0001,RETAIL,17/02/25 06:36,24,EAST,CENTRAL,MEDIUM,70.79,APP,1
O00722,C0523,BUSINESS,10/07/24 21:50,12,CENTRAL,CENTRAL,MEDIUM,72.65,PHONE,0
O00723,C0075,PASSENGER,15/05/24 04:14,1,NORTH,CENTRAL,LOW,94.32,APP,0
O00724,C0317,PASSENGER,18/11/25 07:32,4,AIRPORT,NORTH,LOW,98.05,APP,0
O00725,C0153,PASSENGER,05/07/24 09:57,12,EAST,WEST,MEDIUM,61.87,APP,0
O00726,C0284,RETAIL,02/04/24 23:52,4,AIRPORT,AIRPORT,MEDIUM,59.57,WEB,0
O00727,C0499,BUSINESS,26/10/25 12:56,2,SOUTH,SOUTH,MEDIUM,85.0,APP,0
O00728,C0610,PARCEL,21/10/24 04:41,24,SOUTH,RIVERSIDE,LOW,50.95,APP,0
O00729,C0574,PARCEL,22/12/25 22:24,6,EAST,EAST,MEDIUM,51.28,APP,0
O00730,C0353,RETAIL,19/09/25 08:45,1,EAST,EAST,HIGH,112.07,API,0
O00731,C0014,PASSENGER,03/09/24 19:38,2,EAST,CENTRAL,HIGH,38.48,WEB,0
O00732,C0579,PASSENGER,06/05/25 08:38,4,EAST,CENTRAL,MEDIUM,165.97,PHONE,0
O00733,C0609,PASSENGER,08/06/24 07:19,6,AIRPORT,WEST,MEDIUM,161.44,PHONE,0
O00734,C0087,RETAIL,04/06/24 11:43,12,EAST,EAST,MEDIUM,166.21,APP,1
O00735,C0602,RETAIL,08/05/25 02:23,4,CENTRAL,NORTH,HIGH,35.89,APP,0
O00736,C0390,PARCEL,24/01/24 22:33,12,CENTRAL,EAST,MEDIUM,78.13,APP,0
O00737,C0368,RETAIL,14/03/24 03:53,2,CENTRAL,CENTRAL,MEDIUM,117.82,WEB,1
O00738,C0354,RETAIL,28/11/24 06:00,2,AIRPORT,WEST,HIGH,66.54,APP,1
O00739,C0144,PASSENGER,13/04/25 20:48,12,SOUTH,NORTH,LOW,76.04,PHONE,0
O00740,C0151,MEDICAL,22/05/24 14:17,4,EAST,EAST,MEDIUM,67.9,WEB,1
O00741,C0552,RETAIL,30/05/25 01:28,6,AIRPORT,NORTH,LOW,72.44,APP,1
O00742,C0017,PASSENGER,27/08/25 17:38,12,AIRPORT,WEST,CRITICAL,45.26,APP,0
O00743,C0166,RETAIL,02/03/24 01:34,2,EAST,SOUTH,MEDIUM,92.51,WEB,0
O00744,C0146,RETAIL,23/04/25 03:30,6,EAST,RIVERSIDE,LOW,33.49,API,1
O00745,C0442,PASSENGER,17/08/24 09:40,24,SOUTH,AIRPORT,MEDIUM,46.93,APP,0
O00746,C0014,MEDICAL,14/12/24 10:33,1,NORTH,RIVERSIDE,LOW,73.76,WEB,0
O00747,C0264,RETAIL,08/05/25 07:13,2,EAST,SOUTH,MEDIUM,122.21,APP,0
O00748,C0412,PARCEL,23/07/25 06:18,24,WEST,SOUTH,LOW,41.63,API,0
O00749,C0196,RETAIL,14/08/25 17:45,6,EAST,RIVERSIDE,LOW,47.61,APP,0
O00750,C0368,RETAIL,02/01/24 07:49,6,NORTH,SOUTH,LOW,62.8,PHONE,1
O00751,C0282,BUSINESS,26/06/24 00:51,4,NORTH,WEST,MEDIUM,152.61,PHONE,0
O00752,C0628,RETAIL,31/05/25 08:27,2,RIVERSIDE,CENTRAL,MEDIUM,119.26,WEB,0
O00753,C0369,PARCEL,18/01/25 02:40,2,AIRPORT,RIVERSIDE,HIGH,176.31,WEB,0
O00754,C0479,PARCEL,10/07/24 23:05,4,CENTRAL,AIRPORT,MEDIUM,65.19,APP,0
O00755,C0014,PASSENGER,21/08/25 03:25,6,SOUTH,SOUTH,HIGH,25.11,APP,0
O00756,C0413,RETAIL,02/03/25 16:37,24,AIRPORT,NORTH,MEDIUM,83.09,APP,1
O00757,C0466,PASSENGER,22/02/25 07:42,12,EAST,SOUTH,MEDIUM,81.59,WEB,0
O00758,C0359,PARCEL,26/02/24 11:34,6,EAST,WEST,LOW,144.81,PHONE,0
O00759,C0556,PASSENGER,12/03/24 21:16,1,CENTRAL,NORTH,MEDIUM,22.3,APP,0
O00760,C0051,MEDICAL,14/03/24 20:30,24,SOUTH,WEST,LOW,108.03,API,0
O00761,C0237,PASSENGER,08/12/25 04:27,12,NORTH,EAST,LOW,109.93,APP,0
O00762,C0118,RETAIL,04/09/25 21:56,4,EAST,SOUTH,MEDIUM,21.57,APP,0
O00763,C0020,RETAIL,26/12/25 19:29,4,EAST,AIRPORT,LOW,154.35,API,0
O00764,C0452,RETAIL,14/07/24 10:39,2,NORTH,WEST,MEDIUM,72.77,APP,0
O00765,C0187,RETAIL,13/07/24 03:25,12,CENTRAL,WEST,MEDIUM,60.26,APP,1
O00766,C0118,PARCEL,18/06/24 09:48,2,EAST,SOUTH,LOW,79.18,PHONE,0
O00767,C0107,BUSINESS,17/07/24 02:47,6,RIVERSIDE,WEST,MEDIUM,57.81,WEB,0
O00768,C0606,RETAIL,06/12/25 00:28,4,CENTRAL,WEST,MEDIUM,69.17,APP,0
O00769,C0559,RETAIL,21/07/24 22:47,4,SOUTH,CENTRAL,HIGH,189.0,API,0
O00770,C0096,RETAIL,20/07/24 08:12,2,SOUTH,WEST,MEDIUM,68.11,APP,0
O00771,C0208,PASSENGER,27/07/25 22:53,6,EAST,WEST,HIGH,32.94,APP,0
O00772,C0103,PARCEL,30/10/24 23:50,24,EAST,NORTH,HIGH,152.15,APP,0
O00773,C0172,PARCEL,24/01/24 23:46,4,NORTH,SOUTH,MEDIUM,114.02,APP,0
O00774,C0639,PARCEL,19/09/25 23:01,12,CENTRAL,NORTH,HIGH,34.69,WEB,1
O00775,C0068,BUSINESS,03/05/24 11:13,12,RIVERSIDE,CENTRAL,HIGH,94.46,APP,0
O00776,C0571,PARCEL,03/03/25 00:53,4,RIVERSIDE,EAST,LOW,108.49,PHONE,0
O00777,C0226,RETAIL,18/10/25 23:47,6,EAST,RIVERSIDE,HIGH,14.64,APP,0
O00778,C0514,PARCEL,10/07/25 17:16,4,NORTH,CENTRAL,LOW,84.4,APP,0
O00779,C0397,RETAIL,25/07/25 11:40,24,RIVERSIDE,CENTRAL,CRITICAL,69.68,APP,0
O00780,C0490,PARCEL,16/06/24 18:40,1,WEST,NORTH,MEDIUM,80.48,WEB,0
O00781,C0049,RETAIL,19/11/24 11:19,12,NORTH,CENTRAL,HIGH,75.82,WEB,0
O00782,C0610,PASSENGER,17/04/24 01:47,2,SOUTH,SOUTH,MEDIUM,37.19,WEB,0
O00783,C0507,PARCEL,28/06/24 22:22,4,NORTH,EAST,CRITICAL,46.36,APP,1
O00784,C0308,PASSENGER,03/07/25 00:51,12,EAST,SOUTH,LOW,21.26,PHONE,1
O00785,C0378,PASSENGER,31/12/25 14:49,4,EAST,CENTRAL,HIGH,98.07,PHONE,0
O00786,C0473,MEDICAL,14/04/24 10:06,6,RIVERSIDE,WEST,MEDIUM,69.28,API,0
O00787,C0483,PARCEL,06/06/24 11:49,6,NORTH,RIVERSIDE,LOW,192.62,WEB,0
O00788,C0444,MEDICAL,27/04/25 15:05,4,AIRPORT,NORTH,MEDIUM,116.09,PHONE,0
O00789,C0201,BUSINESS,12/11/24 10:30,6,CENTRAL,RIVERSIDE,HIGH,163.0,APP,1
O00790,C0028,RETAIL,05/11/24 03:33,2,AIRPORT,WEST,HIGH,283.08,WEB,0
O00791,C0632,PASSENGER,30/07/25 08:32,4,EAST,AIRPORT,MEDIUM,107.8,APP,0
O00792,C0173,RETAIL,02/02/25 06:22,4,RIVERSIDE,SOUTH,MEDIUM,156.57,APP,0
O00793,C0259,BUSINESS,14/09/24 21:01,12,CENTRAL,SOUTH,MEDIUM,70.51,PHONE,0
O00794,C0415,RETAIL,16/07/24 22:17,12,CENTRAL,AIRPORT,LOW,154.5,APP,0
O00795,C0142,RETAIL,15/06/25 13:49,2,RIVERSIDE,CENTRAL,MEDIUM,42.52,APP,0
O00796,C0385,BUSINESS,28/01/25 05:51,6,CENTRAL,NORTH,HIGH,209.05,API,0
O00797,C0231,PASSENGER,23/03/25 04:08,4,RIVERSIDE,RIVERSIDE,MEDIUM,47.39,APP,1
O00798,C0547,RETAIL,14/01/24 03:13,4,SOUTH,NORTH,LOW,55.01,APP,0
O00799,C0289,PASSENGER,22/08/25 17:24,24,EAST,SOUTH,HIGH,260.0,WEB,0
O00800,C0032,MEDICAL,29/01/24 00:52,6,SOUTH,NORTH,MEDIUM,102.47,PHONE,0
O00801,C0138,RETAIL,29/03/24 14:49,6,SOUTH,NORTH,MEDIUM,111.28,APP,0
O00802,C0187,PASSENGER,14/02/24 06:56,24,WEST,WEST,MEDIUM,32.72,PHONE,0
O00803,C0509,RETAIL,08/09/25 17:58,6,EAST,AIRPORT,HIGH,60.3,APP,0
O00804,C0383,PARCEL,13/03/24 10:21,24,CENTRAL,RIVERSIDE,MEDIUM,278.77,PHONE,0
O00805,C0426,PASSENGER,10/01/25 17:56,6,NORTH,CENTRAL,LOW,180.16,APP,0
O00806,C0622,BUSINESS,17/04/25 15:49,12,NORTH,CENTRAL,MEDIUM,100.44,APP,1
O00807,C0162,PARCEL,16/10/25 06:00,4,SOUTH,RIVERSIDE,MEDIUM,155.63,APP,1
O00808,C0598,PASSENGER,09/06/24 06:57,4,RIVERSIDE,WEST,HIGH,79.62,APP,0
O00809,C0595,RETAIL,29/12/24 12:56,2,RIVERSIDE,SOUTH,MEDIUM,84.04,UNKNOWN,0
O00810,C0408,PARCEL,16/04/24 03:37,12,NORTH,SOUTH,HIGH,129.12,APP,0
O00811,C0267,RETAIL,05/09/24 06:28,6,NORTH,RIVERSIDE,MEDIUM,104.5,APP,1
O00812,C0219,PARCEL,04/12/25 18:37,24,WEST,AIRPORT,MEDIUM,55.92,APP,0
O00813,C0642,PARCEL,13/10/25 21:45,4,NORTH,NORTH,MEDIUM,75.79,APP,0
O00814,C0464,PASSENGER,26/03/25 02:36,12,EAST,RIVERSIDE,MEDIUM,27.9,PHONE,0
O00815,C0347,PARCEL,25/02/24 15:10,24,AIRPORT,AIRPORT,HIGH,216.89,APP,1
O00816,C0113,PASSENGER,13/02/25 20:43,12,EAST,CENTRAL,LOW,62.91,WEB,0
O00817,C0391,RETAIL,31/12/25 07:45,2,NORTH,SOUTH,LOW,208.48,PHONE,0
O00818,C0561,BUSINESS,27/10/25 15:44,1,RIVERSIDE,NORTH,MEDIUM,82.82,WEB,1
O00819,C0098,RETAIL,28/04/25 19:09,4,AIRPORT,WEST,LOW,93.02,APP,0
O00820,C0121,PASSENGER,05/01/24 15:38,6,RIVERSIDE,NORTH,LOW,231.32,APP,0
O00821,C0266,PARCEL,25/01/25 02:44,6,CENTRAL,SOUTH,MEDIUM,78.86,PHONE,0
O00822,C0186,PARCEL,09/01/24 07:00,1,WEST,SOUTH,MEDIUM,55.85,PHONE,0
O00823,C0264,PASSENGER,02/05/25 18:50,12,EAST,NORTH,MEDIUM,122.9,APP,0
O00824,C0074,RETAIL,17/08/24 20:47,12,SOUTH,EAST,MEDIUM,271.33,WEB,0
O00825,C0010,BUSINESS,25/10/25 01:15,4,SOUTH,WEST,MEDIUM,58.21,PHONE,0
O00826,C0055,PARCEL,04/06/24 06:51,4,AIRPORT,CENTRAL,MEDIUM,118.93,APP,0
O00827,C0152,MEDICAL,01/01/24 01:29,24,EAST,SOUTH,MEDIUM,19.26,WEB,0
O00828,C0025,PASSENGER,19/02/24 12:15,24,WEST,WEST,LOW,61.71,APP,0
O00829,C0032,PASSENGER,08/12/24 21:02,4,SOUTH,WEST,HIGH,32.2,PHONE,1
O00830,C0347,PASSENGER,23/07/25 20:36,2,SOUTH,SOUTH,HIGH,71.2,PHONE,0
O00831,C0560,BUSINESS,27/02/25 08:02,4,RIVERSIDE,CENTRAL,MEDIUM,130.28,APP,0
O00832,C0436,PARCEL,06/06/24 14:01,6,CENTRAL,AIRPORT,LOW,99.75,APP,1
O00833,C0431,PARCEL,05/05/25 03:48,2,CENTRAL,RIVERSIDE,MEDIUM,141.48,APP,0
O00834,C0526,PARCEL,28/12/25 03:11,1,EAST,AIRPORT,LOW,265.72,WEB,0
O00835,C0317,PASSENGER,26/05/24 16:10,6,SOUTH,AIRPORT,MEDIUM,51.0,APP,0
O00836,C0186,PASSENGER,22/09/25 16:20,6,SOUTH,NORTH,LOW,45.9,APP,1
O00837,C0578,PARCEL,18/04/24 16:50,24,EAST,WEST,LOW,35.47,APP,0
O00838,C0549,PASSENGER,25/01/25 00:04,6,CENTRAL,CENTRAL,LOW,48.73,WEB,0
O00839,C0046,PARCEL,31/01/24 17:41,6,RIVERSIDE,WEST,LOW,229.63,APP,0
O00840,C0358,PASSENGER,28/03/24 16:35,6,SOUTH,EAST,MEDIUM,142.01,WEB,0
O00841,C0132,BUSINESS,26/09/25 19:38,6,AIRPORT,SOUTH,MEDIUM,21.71,APP,0
O00842,C0588,RETAIL,07/04/25 02:45,12,CENTRAL,EAST,LOW,153.82,WEB,0
O00843,C0095,MEDICAL,25/02/24 21:34,12,NORTH,RIVERSIDE,CRITICAL,84.18,PHONE,1
O00844,C0276,MEDICAL,21/09/25 09:29,6,RIVERSIDE,RIVERSIDE,HIGH,76.02,APP,0
O00845,C0276,BUSINESS,02/10/25 21:00,4,AIRPORT,NORTH,MEDIUM,65.51,PHONE,0
O00846,C0372,PARCEL,27/07/25 23:13,2,EAST,EAST,HIGH,117.43,WEB,0
O00847,C0303,RETAIL,25/01/24 05:53,12,CENTRAL,CENTRAL,LOW,47.99,APP,1
O00848,C0489,BUSINESS,06/03/25 14:13,6,NORTH,SOUTH,HIGH,27.71,UNKNOWN,1
O00849,C0412,PASSENGER,05/05/24 22:41,4,AIRPORT,NORTH,HIGH,230.22,APP,0
O00850,C0601,PARCEL,31/07/24 21:27,6,WEST,EAST,HIGH,24.48,APP,0
O00851,C0480,BUSINESS,23/04/24 19:05,12,SOUTH,RIVERSIDE,MEDIUM,49.34,PHONE,0
O00852,C0599,RETAIL,13/07/25 16:22,2,NORTH,RIVERSIDE,MEDIUM,126.8,UNKNOWN,1
O00853,C0335,PARCEL,24/11/25 03:05,24,SOUTH,EAST,LOW,22.04,APP,0
O00854,C0343,PARCEL,09/01/24 03:05,4,AIRPORT,AIRPORT,LOW,90.75,WEB,0
O00855,C0342,PARCEL,01/11/25 08:19,6,AIRPORT,SOUTH,CRITICAL,140.01,WEB,0
O00856,C0574,PARCEL,11/12/24 09:09,12,SOUTH,CENTRAL,HIGH,58.06,APP,0
O00857,C0104,RETAIL,20/05/25 19:36,1,CENTRAL,WEST,HIGH,140.14,APP,1
O00858,C0045,PARCEL,12/08/24 06:00,1,RIVERSIDE,WEST,CRITICAL,129.56,WEB,0
O00859,C0476,RETAIL,21/03/24 02:02,6,AIRPORT,CENTRAL,LOW,83.53,APP,1
O00860,C0076,MEDICAL,26/04/24 21:44,2,EAST,SOUTH,MEDIUM,292.33,APP,0
O00861,C0265,PASSENGER,09/05/25 06:33,2,EAST,CENTRAL,MEDIUM,90.82,APP,0
O00862,C0599,RETAIL,29/01/25 14:26,4,EAST,NORTH,MEDIUM,84.14,PHONE,0
O00863,C0274,PASSENGER,17/09/25 18:41,12,RIVERSIDE,WEST,LOW,29.36,PHONE,0
O00864,C0246,BUSINESS,08/03/24 23:48,4,AIRPORT,CENTRAL,LOW,45.78,PHONE,0
O00865,C0597,PARCEL,22/03/24 00:53,2,EAST,SOUTH,MEDIUM,55.13,WEB,0
O00866,C0317,PARCEL,03/01/24 22:46,24,WEST,RIVERSIDE,MEDIUM,117.83,WEB,0
O00867,C0313,PARCEL,02/01/24 21:43,6,RIVERSIDE,CENTRAL,LOW,34.43,APP,0
O00868,C0037,PASSENGER,18/05/24 13:51,4,CENTRAL,WEST,MEDIUM,117.19,PHONE,1
O00869,C0490,PARCEL,26/02/24 05:39,4,CENTRAL,RIVERSIDE,MEDIUM,59.8,APP,1
O00870,C0092,PASSENGER,27/10/24 14:16,12,SOUTH,AIRPORT,HIGH,144.13,WEB,0
O00871,C0298,PARCEL,24/12/25 04:16,6,RIVERSIDE,NORTH,HIGH,46.35,PHONE,0
O00872,C0294,MEDICAL,11/03/24 11:01,2,EAST,SOUTH,LOW,113.37,APP,0
O00873,C0015,PARCEL,28/11/24 12:06,6,NORTH,SOUTH,HIGH,106.49,UNKNOWN,0
O00874,C0360,PARCEL,15/06/24 14:10,6,EAST,WEST,HIGH,246.43,PHONE,0
O00875,C0027,BUSINESS,31/10/25 20:59,12,NORTH,EAST,HIGH,64.89,WEB,0
O00876,C0301,PARCEL,29/04/25 19:53,4,WEST,AIRPORT,LOW,75.93,APP,0
O00877,C0277,RETAIL,29/11/24 08:51,4,EAST,WEST,MEDIUM,14.29,PHONE,0
O00878,C0190,MEDICAL,09/12/24 00:26,6,RIVERSIDE,WEST,LOW,35.24,APP,0
O00879,C0419,MEDICAL,07/04/25 00:21,4,SOUTH,WEST,LOW,123.72,APP,0
O00880,C0020,PARCEL,24/08/24 17:56,24,SOUTH,NORTH,LOW,51.19,APP,1
O00881,C0545,PASSENGER,31/12/24 10:00,6,RIVERSIDE,SOUTH,LOW,83.23,APP,0
O00882,C0204,PARCEL,09/01/24 10:50,2,CENTRAL,CENTRAL,HIGH,141.57,PHONE,0
O00883,C0335,BUSINESS,22/03/24 17:10,12,NORTH,NORTH,MEDIUM,139.75,WEB,0
O00884,C0339,PARCEL,17/04/24 01:52,6,CENTRAL,WEST,MEDIUM,16.66,WEB,0
O00885,C0338,MEDICAL,17/11/24 13:40,24,RIVERSIDE,CENTRAL,CRITICAL,125.38,APP,0
O00886,C0618,PASSENGER,12/11/24 11:04,1,EAST,CENTRAL,LOW,88.24,APP,1
O00887,C0434,RETAIL,07/04/25 03:29,24,CENTRAL,NORTH,LOW,173.81,PHONE,0
O00888,C0254,MEDICAL,13/06/24 06:33,2,RIVERSIDE,RIVERSIDE,LOW,139.5,APP,0
O00889,C0322,RETAIL,24/02/24 20:42,4,WEST,WEST,CRITICAL,40.25,APP,0
O00890,C0232,RETAIL,07/05/25 07:58,24,CENTRAL,EAST,HIGH,88.41,APP,0
O00891,C0449,PASSENGER,21/02/25 16:44,2,CENTRAL,AIRPORT,MEDIUM,82.47,WEB,0
O00892,C0157,PASSENGER,10/08/25 02:41,2,AIRPORT,AIRPORT,MEDIUM,326.38,WEB,0
O00893,C0391,BUSINESS,08/05/24 06:18,2,SOUTH,SOUTH,HIGH,33.29,PHONE,0
O00894,C0636,PARCEL,14/01/24 22:16,2,EAST,AIRPORT,LOW,114.94,WEB,0
O00895,C0599,PARCEL,17/03/25 22:07,4,RIVERSIDE,CENTRAL,MEDIUM,63.95,API,0
O00896,C0145,PASSENGER,29/06/24 19:28,6,EAST,SOUTH,LOW,50.35,APP,0
O00897,C0434,PASSENGER,21/09/25 21:10,6,SOUTH,WEST,LOW,101.28,WEB,0
O00898,C0643,PASSENGER,12/08/25 23:18,24,EAST,NORTH,LOW,82.8,APP,0
O00899,C0440,PASSENGER,02/04/25 07:21,6,AIRPORT,RIVERSIDE,CRITICAL,184.27,WEB,0
O00900,C0248,PASSENGER,20/09/24 00:05,2,RIVERSIDE,AIRPORT,HIGH,100.64,API,0
O00901,C0222,RETAIL,12/08/25 06:41,2,CENTRAL,AIRPORT,CRITICAL,136.84,PHONE,0
O00902,C0309,PARCEL,22/09/24 19:41,6,EAST,WEST,MEDIUM,70.09,APP,0
O00903,C0380,PARCEL,20/10/25 23:37,4,CENTRAL,EAST,LOW,18.78,WEB,1
O00904,C0618,PASSENGER,25/05/24 20:04,4,AIRPORT,AIRPORT,LOW,95.34,APP,0
O00905,C0622,PARCEL,09/04/25 02:44,6,EAST,CENTRAL,MEDIUM,63.25,APP,0
O00906,C0480,PASSENGER,02/04/25 09:04,24,WEST,RIVERSIDE,HIGH,133.71,APP,0
O00907,C0173,BUSINESS,03/06/24 23:04,6,EAST,EAST,MEDIUM,37.24,PHONE,0
O00908,C0167,PARCEL,07/02/25 00:04,6,AIRPORT,EAST,LOW,142.89,APP,1
O00909,C0324,BUSINESS,01/05/25 02:09,12,NORTH,EAST,HIGH,117.13,APP,0
O00910,C0465,BUSINESS,24/07/25 03:46,6,NORTH,NORTH,MEDIUM,159.86,APP,0
O00911,C0214,RETAIL,20/05/25 20:32,4,RIVERSIDE,CENTRAL,HIGH,24.34,APP,0
O00912,C0325,BUSINESS,12/05/25 08:58,6,EAST,WEST,LOW,39.19,PHONE,1
O00913,C0091,RETAIL,04/05/25 05:57,6,WEST,SOUTH,LOW,14.48,PHONE,0
O00914,C0258,RETAIL,04/12/24 08:19,6,SOUTH,NORTH,MEDIUM,217.46,APP,0
O00915,C0499,PARCEL,02/08/25 13:44,24,SOUTH,RIVERSIDE,CRITICAL,93.22,WEB,0
O00916,C0328,PASSENGER,12/07/25 05:28,12,SOUTH,SOUTH,MEDIUM,68.21,APP,0
O00917,C0027,RETAIL,04/07/24 14:21,6,CENTRAL,CENTRAL,LOW,30.8,UNKNOWN,0
O00918,C0147,BUSINESS,26/11/24 06:01,1,RIVERSIDE,NORTH,CRITICAL,50.49,APP,1
O00919,C0619,RETAIL,02/01/25 07:06,4,RIVERSIDE,NORTH,LOW,229.93,APP,0
O00920,C0242,PASSENGER,08/01/24 11:42,12,RIVERSIDE,EAST,LOW,74.71,APP,0
O00921,C0448,RETAIL,12/09/24 08:39,4,EAST,CENTRAL,MEDIUM,198.22,APP,0
O00922,C0467,RETAIL,01/11/24 06:04,12,WEST,CENTRAL,LOW,41.3,PHONE,0
O00923,C0334,PARCEL,04/01/24 05:50,1,WEST,WEST,LOW,69.93,APP,0
O00924,C0139,RETAIL,11/06/25 21:37,24,WEST,CENTRAL,LOW,44.93,API,1
O00925,C0530,BUSINESS,15/11/24 21:16,12,SOUTH,AIRPORT,LOW,162.25,WEB,0
O00926,C0322,PARCEL,07/03/24 01:09,12,EAST,EAST,LOW,50.92,PHONE,0
O00927,C0533,MEDICAL,05/07/25 03:53,6,NORTH,WEST,MEDIUM,76.32,APP,0
O00928,C0231,PARCEL,28/02/24 12:16,24,SOUTH,AIRPORT,MEDIUM,60.36,APP,0
O00929,C0195,PARCEL,29/10/25 02:36,2,CENTRAL,RIVERSIDE,MEDIUM,117.07,PHONE,0
O00930,C0370,RETAIL,20/08/25 07:03,4,CENTRAL,RIVERSIDE,HIGH,133.79,APP,0
O00931,C0213,PARCEL,03/07/24 09:00,4,NORTH,NORTH,HIGH,70.8,APP,0
O00932,C0221,PARCEL,10/01/24 04:59,2,AIRPORT,WEST,MEDIUM,51.33,PHONE,0
O00933,C0534,PASSENGER,29/12/24 11:34,6,SOUTH,AIRPORT,HIGH,96.98,PHONE,1
O00934,C0437,BUSINESS,29/06/24 04:23,4,NORTH,EAST,MEDIUM,80.26,APP,0
O00935,C0404,PARCEL,14/09/24 11:23,12,EAST,EAST,HIGH,132.13,PHONE,1
O00936,C0498,PASSENGER,19/06/24 16:42,4,CENTRAL,AIRPORT,HIGH,129.0,WEB,0
O00937,C0549,PARCEL,24/04/24 07:58,4,RIVERSIDE,SOUTH,HIGH,31.56,APP,0
O00938,C0567,BUSINESS,18/06/24 09:48,6,CENTRAL,CENTRAL,MEDIUM,151.14,WEB,0
O00939,C0085,MEDICAL,24/01/25 00:14,12,SOUTH,SOUTH,CRITICAL,91.71,APP,1
O00940,C0575,PARCEL,26/10/25 06:56,6,WEST,WEST,HIGH,99.21,PHONE,0
O00941,C0571,PASSENGER,08/12/24 12:54,1,WEST,WEST,HIGH,110.52,WEB,0
O00942,C0291,PASSENGER,01/09/25 07:41,12,CENTRAL,RIVERSIDE,HIGH,101.75,APP,0
O00943,C0372,PASSENGER,28/04/25 08:55,4,NORTH,WEST,LOW,157.16,API,1
O00944,C0343,PASSENGER,01/08/24 01:06,24,CENTRAL,NORTH,LOW,216.6,APP,1
O00945,C0567,RETAIL,11/10/25 12:53,6,NORTH,NORTH,MEDIUM,155.97,APP,0
O00946,C0558,PARCEL,13/01/25 07:18,24,SOUTH,SOUTH,MEDIUM,113.57,APP,0
O00947,C0467,PASSENGER,31/01/24 15:28,4,NORTH,NORTH,HIGH,89.52,APP,0
O00948,C0626,BUSINESS,14/05/25 03:07,6,NORTH,WEST,LOW,60.77,APP,0
O00949,C0023,MEDICAL,15/04/25 17:45,24,WEST,WEST,MEDIUM,71.3,WEB,0
O00950,C0564,PASSENGER,18/05/25 02:25,24,SOUTH,AIRPORT,MEDIUM,82.99,PHONE,0
O00951,C0199,PASSENGER,30/04/24 15:30,6,EAST,AIRPORT,LOW,208.66,PHONE,0
O00952,C0156,PASSENGER,26/06/24 07:27,4,CENTRAL,RIVERSIDE,MEDIUM,183.79,APP,0
O00953,C0193,PARCEL,26/03/25 01:07,12,SOUTH,SOUTH,MEDIUM,3.57,APP,0
O00954,C0599,PASSENGER,14/07/24 02:17,4,SOUTH,SOUTH,CRITICAL,62.7,WEB,0
O00955,C0163,PASSENGER,01/04/25 14:30,4,CENTRAL,WEST,LOW,50.43,UNKNOWN,0
O00956,C0257,MEDICAL,09/01/24 10:35,4,WEST,SOUTH,MEDIUM,53.1,APP,0
O00957,C0385,PASSENGER,28/02/24 02:32,1,NORTH,NORTH,CRITICAL,12.91,APP,0
O00958,C0132,PASSENGER,15/08/24 15:47,4,AIRPORT,CENTRAL,CRITICAL,33.24,WEB,0
O00959,C0545,MEDICAL,08/09/24 18:39,12,AIRPORT,SOUTH,LOW,88.7,PHONE,1
O00960,C0554,PASSENGER,20/01/25 03:03,1,RIVERSIDE,NORTH,MEDIUM,86.06,APP,0
O00961,C0307,PARCEL,18/03/25 16:03,4,CENTRAL,AIRPORT,MEDIUM,168.98,APP,1
O00962,C0113,PASSENGER,09/02/24 16:10,4,SOUTH,CENTRAL,LOW,108.48,UNKNOWN,0
O00963,C0528,MEDICAL,06/06/25 10:13,24,NORTH,EAST,MEDIUM,30.53,API,0
O00964,C0247,RETAIL,13/04/24 02:30,2,CENTRAL,SOUTH,HIGH,178.23,PHONE,0
O00965,C0384,PASSENGER,28/09/24 14:59,6,EAST,NORTH,LOW,76.97,WEB,0
O00966,C0568,RETAIL,16/04/25 23:08,12,CENTRAL,CENTRAL,HIGH,29.24,APP,1
O00967,C0343,BUSINESS,17/03/24 14:40,6,NORTH,WEST,MEDIUM,50.8,APP,0
O00968,C0529,BUSINESS,21/11/24 03:13,12,SOUTH,CENTRAL,MEDIUM,76.41,APP,0
O00969,C0372,PARCEL,14/10/24 21:50,2,NORTH,RIVERSIDE,HIGH,36.75,PHONE,0
O00970,C0099,RETAIL,01/04/25 02:07,2,NORTH,AIRPORT,MEDIUM,29.04,WEB,0
O00971,C0405,PARCEL,21/12/25 15:30,6,CENTRAL,SOUTH,HIGH,14.62,APP,0
O00972,C0396,PARCEL,20/09/24 05:32,24,EAST,SOUTH,MEDIUM,95.82,WEB,1
O00973,C0506,PARCEL,01/12/24 20:41,1,AIRPORT,WEST,LOW,81.56,APP,0
O00974,C0071,RETAIL,06/11/25 00:41,4,EAST,RIVERSIDE,MEDIUM,74.02,APP,0
O00975,C0455,RETAIL,26/04/25 21:47,4,CENTRAL,SOUTH,MEDIUM,33.56,APP,0
O00976,C0078,MEDICAL,02/02/24 17:41,24,CENTRAL,EAST,HIGH,40.78,PHONE,0
O00977,C0235,RETAIL,27/08/24 15:42,4,WEST,WEST,MEDIUM,25.58,APP,1
O00978,C0515,PARCEL,09/11/25 04:41,24,RIVERSIDE,CENTRAL,HIGH,124.25,APP,0
O00979,C0257,BUSINESS,01/08/25 04:24,12,NORTH,WEST,LOW,54.09,PHONE,0
O00980,C0545,PARCEL,25/11/24 23:02,4,WEST,RIVERSIDE,MEDIUM,510.06,APP,0
O00981,C0597,MEDICAL,01/11/25 21:57,24,AIRPORT,RIVERSIDE,HIGH,107.45,APP,0
O00982,C0616,PARCEL,28/10/25 05:44,4,EAST,NORTH,CRITICAL,131.9,APP,0
O00983,C0538,PASSENGER,20/08/24 00:38,4,CENTRAL,NORTH,MEDIUM,122.09,WEB,0
O00984,C0155,PARCEL,14/04/25 23:05,6,EAST,WEST,MEDIUM,79.05,APP,0
O00985,C0461,PARCEL,04/05/25 06:54,6,NORTH,WEST,LOW,117.68,APP,0
O00986,C0303,PARCEL,02/06/24 09:28,24,SOUTH,SOUTH,MEDIUM,111.61,PHONE,0
O00987,C0612,RETAIL,23/05/24 06:19,24,WEST,CENTRAL,HIGH,115.17,APP,0
O00988,C0330,PARCEL,17/11/24 18:12,6,CENTRAL,RIVERSIDE,LOW,43.93,APP,0
O00989,C0351,MEDICAL,03/08/24 12:01,1,NORTH,CENTRAL,MEDIUM,89.8,API,0
O00990,C0053,RETAIL,26/11/25 05:00,4,SOUTH,CENTRAL,HIGH,199.17,PHONE,0
O00991,C0175,BUSINESS,01/03/25 15:14,4,EAST,CENTRAL,HIGH,61.06,APP,0
O00992,C0438,RETAIL,03/08/24 15:23,4,CENTRAL,SOUTH,HIGH,54.25,PHONE,0
O00993,C0440,PASSENGER,06/07/25 23:31,24,EAST,NORTH,HIGH,51.85,PHONE,1
O00994,C0521,RETAIL,19/11/25 06:39,1,SOUTH,SOUTH,HIGH,40.11,API,0
O00995,C0622,PASSENGER,08/09/24 06:53,24,CENTRAL,WEST,MEDIUM,202.67,PHONE,0
O00996,C0238,PASSENGER,26/04/25 06:19,4,CENTRAL,EAST,HIGH,52.53,APP,1
O00997,C0560,RETAIL,04/12/25 08:14,4,SOUTH,WEST,CRITICAL,59.22,WEB,0
O00998,C0169,PARCEL,25/11/24 01:26,6,NORTH,SOUTH,MEDIUM,23.86,PHONE,1
O00999,C0613,RETAIL,30/06/24 10:26,24,RIVERSIDE,SOUTH,HIGH,170.69,WEB,1
O01000,C0576,RETAIL,15/11/25 22:01,6,AIRPORT,WEST,MEDIUM,59.9,API,1
O01001,C0413,PASSENGER,08/05/25 11:49,12,WEST,CENTRAL,HIGH,78.37,WEB,0
O01002,C0607,BUSINESS,14/06/24 07:52,12,WEST,WEST,MEDIUM,109.31,WEB,1
O01003,C0473,PASSENGER,01/01/24 04:38,24,AIRPORT,WEST,LOW,60.87,WEB,0
O01004,C0056,RETAIL,21/09/24 19:29,2,CENTRAL,AIRPORT,HIGH,98.19,WEB,0
O01005,C0104,BUSINESS,05/01/25 17:35,12,RIVERSIDE,SOUTH,HIGH,127.67,APP,0
O01006,C0112,PARCEL,29/12/25 12:08,12,CENTRAL,EAST,HIGH,74.48,PHONE,1
O01007,C0556,MEDICAL,24/09/24 07:35,12,RIVERSIDE,RIVERSIDE,MEDIUM,46.92,APP,0
O01008,C0575,PARCEL,05/03/24 08:26,12,WEST,NORTH,HIGH,76.64,APP,0
O01009,C0545,PASSENGER,06/01/24 04:33,4,EAST,RIVERSIDE,MEDIUM,167.86,WEB,1
O01010,C0018,BUSINESS,18/05/24 18:20,6,WEST,SOUTH,LOW,55.14,UNKNOWN,0
O01011,C0257,BUSINESS,28/02/24 05:14,12,AIRPORT,SOUTH,LOW,103.05,APP,1
O01012,C0532,RETAIL,03/08/25 05:05,1,RIVERSIDE,CENTRAL,CRITICAL,99.1,APP,0
O01013,C0185,PASSENGER,22/08/25 14:50,4,CENTRAL,NORTH,LOW,76.79,WEB,0
O01014,C0106,MEDICAL,22/02/25 08:56,1,SOUTH,AIRPORT,MEDIUM,47.39,APP,0
O01015,C0226,PASSENGER,08/06/25 21:14,6,RIVERSIDE,CENTRAL,HIGH,40.54,PHONE,0
O01016,C0407,RETAIL,06/03/24 23:17,6,AIRPORT,SOUTH,HIGH,76.82,UNKNOWN,0
O01017,C0201,RETAIL,30/12/25 13:06,6,CENTRAL,WEST,HIGH,30.84,PHONE,0
O01018,C0180,PARCEL,22/02/24 13:58,12,WEST,AIRPORT,MEDIUM,98.9,APP,0
O01019,C0626,PARCEL,16/04/24 00:57,4,WEST,EAST,HIGH,206.52,APP,0
O01020,C0321,RETAIL,23/10/24 02:18,2,AIRPORT,SOUTH,HIGH,77.64,APP,0
O01021,C0625,RETAIL,28/06/24 04:26,6,WEST,CENTRAL,HIGH,78.29,API,0
O01022,C0061,RETAIL,16/03/24 16:24,24,EAST,SOUTH,MEDIUM,43.98,WEB,0
O01023,C0243,PARCEL,11/03/24 21:41,6,RIVERSIDE,CENTRAL,MEDIUM,89.2,UNKNOWN,0
O01024,C0396,PASSENGER,23/12/25 16:37,4,NORTH,WEST,LOW,129.76,APP,0
O01025,C0390,PARCEL,29/04/24 14:15,6,WEST,NORTH,MEDIUM,75.72,APP,0
O01026,C0309,BUSINESS,26/05/25 21:33,1,WEST,CENTRAL,HIGH,20.25,PHONE,0
O01027,C0492,PARCEL,23/08/25 21:51,4,EAST,CENTRAL,MEDIUM,97.55,APP,0
O01028,C0373,PASSENGER,13/01/25 16:35,4,SOUTH,SOUTH,MEDIUM,109.71,API,1
O01029,C0478,RETAIL,16/07/24 13:04,1,EAST,NORTH,MEDIUM,87.86,APP,0
O01030,C0279,PARCEL,29/08/25 08:36,6,CENTRAL,WEST,HIGH,186.34,WEB,1
O01031,C0578,BUSINESS,26/01/25 05:55,6,EAST,CENTRAL,MEDIUM,80.04,WEB,0
O01032,C0357,PASSENGER,12/09/25 08:41,4,WEST,EAST,HIGH,74.27,PHONE,0
O01033,C0234,MEDICAL,30/08/24 13:23,1,WEST,CENTRAL,LOW,11.57,PHONE,1
O01034,C0032,BUSINESS,20/06/25 08:43,24,EAST,SOUTH,MEDIUM,9.2,WEB,0
O01035,C0508,BUSINESS,16/03/24 22:47,6,EAST,RIVERSIDE,LOW,54.57,APP,0
O01036,C0647,MEDICAL,28/02/24 19:43,4,CENTRAL,NORTH,LOW,66.82,APP,1
O01037,C0226,PASSENGER,28/04/25 06:43,6,SOUTH,NORTH,HIGH,55.58,WEB,0
O01038,C0141,BUSINESS,12/01/24 00:28,6,WEST,SOUTH,CRITICAL,20.72,PHONE,0
O01039,C0171,PASSENGER,05/01/25 10:43,6,WEST,RIVERSIDE,LOW,84.17,APP,1
O01040,C0290,PASSENGER,27/12/25 20:56,4,AIRPORT,CENTRAL,MEDIUM,59.93,WEB,1
O01041,C0551,PASSENGER,07/03/24 14:20,4,SOUTH,WEST,MEDIUM,41.43,APP,0
O01042,C0571,PASSENGER,26/08/24 13:05,12,AIRPORT,EAST,LOW,54.55,PHONE,0
O01043,C0371,RETAIL,31/07/24 17:26,12,CENTRAL,RIVERSIDE,MEDIUM,93.72,PHONE,1
O01044,C0190,RETAIL,14/02/25 04:57,12,AIRPORT,RIVERSIDE,LOW,70.39,APP,1
O01045,C0506,PARCEL,26/08/24 11:47,1,CENTRAL,AIRPORT,HIGH,53.78,WEB,1
O01046,C0591,RETAIL,26/12/25 11:24,24,SOUTH,EAST,HIGH,169.64,PHONE,0
O01047,C0121,PARCEL,11/10/25 15:49,4,WEST,RIVERSIDE,HIGH,32.59,PHONE,0
O01048,C0458,MEDICAL,01/08/25 04:14,12,AIRPORT,AIRPORT,MEDIUM,160.1,PHONE,1
O01049,C0527,RETAIL,17/10/25 06:56,12,WEST,WEST,MEDIUM,69.8,APP,0
O01050,C0363,PASSENGER,29/09/24 03:02,6,CENTRAL,SOUTH,MEDIUM,73.98,API,0
O01051,C0288,RETAIL,06/06/25 04:56,4,CENTRAL,AIRPORT,LOW,74.57,PHONE,0
O01052,C0429,RETAIL,19/02/25 19:26,6,EAST,SOUTH,LOW,91.5,APP,0
O01053,C0106,PASSENGER,23/10/25 02:30,6,EAST,WEST,LOW,285.05,APP,0
O01054,C0216,RETAIL,19/08/25 14:21,4,SOUTH,AIRPORT,MEDIUM,260.15,WEB,0
O01055,C0621,PARCEL,13/08/25 17:22,6,NORTH,SOUTH,MEDIUM,33.59,WEB,0
O01056,C0203,RETAIL,19/12/24 22:48,4,EAST,AIRPORT,MEDIUM,111.26,PHONE,1
O01057,C0579,PASSENGER,23/03/25 10:11,4,AIRPORT,NORTH,MEDIUM,50.3,APP,0
O01058,C0215,RETAIL,05/08/25 22:01,6,AIRPORT,WEST,LOW,179.11,APP,0
O01059,C0107,BUSINESS,23/11/25 21:49,6,EAST,EAST,MEDIUM,19.55,APP,0
O01060,C0277,PARCEL,13/06/24 12:23,2,WEST,NORTH,LOW,103.55,WEB,0
O01061,C0535,RETAIL,29/04/24 20:49,2,CENTRAL,WEST,MEDIUM,13.17,APP,0
O01062,C0559,MEDICAL,26/10/24 17:41,4,EAST,CENTRAL,MEDIUM,128.73,APP,1
O01063,C0054,RETAIL,27/07/24 20:15,12,EAST,RIVERSIDE,MEDIUM,47.11,APP,1
O01064,C0095,PASSENGER,22/12/25 18:49,12,CENTRAL,AIRPORT,MEDIUM,48.29,APP,1
O01065,C0436,PARCEL,20/07/24 11:49,4,SOUTH,SOUTH,MEDIUM,35.51,WEB,1
O01066,C0084,BUSINESS,11/04/24 20:16,2,EAST,AIRPORT,LOW,54.18,PHONE,1
O01067,C0304,RETAIL,16/06/24 02:38,12,NORTH,WEST,LOW,8.17,API,0
O01068,C0089,PASSENGER,04/10/25 21:56,2,RIVERSIDE,WEST,LOW,53.32,APP,0
O01069,C0219,PASSENGER,25/08/25 01:12,12,CENTRAL,NORTH,HIGH,18.2,APP,1
O01070,C0335,PARCEL,16/01/24 19:34,24,EAST,NORTH,LOW,153.81,PHONE,0
O01071,C0055,RETAIL,26/02/25 23:35,12,SOUTH,EAST,MEDIUM,97.8,APP,0
O01072,C0384,PASSENGER,10/05/24 00:04,6,WEST,NORTH,HIGH,172.79,APP,0
O01073,C0047,PASSENGER,01/05/24 05:05,6,CENTRAL,AIRPORT,MEDIUM,34.23,APP,0
O01074,C0499,PASSENGER,13/12/25 07:00,2,CENTRAL,SOUTH,LOW,51.75,APP,0
O01075,C0260,PASSENGER,26/06/24 07:11,2,EAST,AIRPORT,HIGH,181.2,APP,0
O01076,C0035,BUSINESS,28/09/24 22:50,6,SOUTH,AIRPORT,CRITICAL,46.37,APP,0
O01077,C0021,RETAIL,30/08/24 00:01,4,NORTH,RIVERSIDE,LOW,130.85,APP,0
O01078,C0622,PARCEL,26/04/24 02:59,6,AIRPORT,RIVERSIDE,LOW,91.33,WEB,1
O01079,C0017,PASSENGER,31/03/24 06:09,24,SOUTH,RIVERSIDE,MEDIUM,190.5,APP,0
O01080,C0107,PASSENGER,26/04/25 10:04,1,CENTRAL,NORTH,HIGH,65.57,APP,1
O01081,C0581,MEDICAL,18/06/25 11:20,2,WEST,AIRPORT,CRITICAL,10.07,APP,1
O01082,C0530,MEDICAL,25/10/24 13:47,24,RIVERSIDE,WEST,MEDIUM,43.58,WEB,0
O01083,C0156,RETAIL,05/05/25 08:21,12,EAST,SOUTH,LOW,29.43,PHONE,0
O01084,C0416,PASSENGER,26/02/24 02:16,4,CENTRAL,SOUTH,MEDIUM,64.17,APP,0
O01085,C0051,MEDICAL,15/06/24 08:05,6,CENTRAL,WEST,HIGH,150.85,APP,0
O01086,C0276,PASSENGER,03/05/24 19:03,4,AIRPORT,SOUTH,LOW,140.6,PHONE,0
O01087,C0248,PARCEL,14/12/25 08:08,1,AIRPORT,WEST,LOW,116.34,WEB,0
O01088,C0444,PARCEL,12/02/24 10:32,6,NORTH,WEST,MEDIUM,49.16,WEB,1
O01089,C0035,RETAIL,18/05/25 04:12,2,RIVERSIDE,NORTH,LOW,7.74,PHONE,0
O01090,C0414,MEDICAL,09/11/25 17:51,24,SOUTH,AIRPORT,CRITICAL,58.6,APP,0
O01091,C0471,BUSINESS,22/02/24 04:53,2,RIVERSIDE,AIRPORT,MEDIUM,49.37,APP,0
O01092,C0482,PASSENGER,12/10/25 13:24,6,NORTH,EAST,LOW,97.48,WEB,0
O01093,C0205,RETAIL,29/10/24 22:01,12,RIVERSIDE,WEST,LOW,38.72,APP,1
O01094,C0204,PARCEL,22/08/24 09:51,2,EAST,RIVERSIDE,MEDIUM,208.68,PHONE,0
O01095,C0612,BUSINESS,14/03/24 15:06,6,SOUTH,AIRPORT,HIGH,23.65,WEB,0
O01096,C0036,PASSENGER,03/08/24 18:09,4,NORTH,AIRPORT,MEDIUM,163.56,APP,0
O01097,C0390,RETAIL,14/07/24 22:28,12,AIRPORT,NORTH,LOW,59.58,APP,0
O01098,C0093,RETAIL,24/04/25 07:39,2,NORTH,RIVERSIDE,LOW,17.79,WEB,0
O01099,C0302,RETAIL,04/05/24 21:30,24,EAST,CENTRAL,CRITICAL,35.33,APP,0
O01100,C0239,BUSINESS,08/01/25 13:08,4,AIRPORT,EAST,HIGH,41.49,APP,0
O01101,C0023,PARCEL,14/01/24 06:59,6,RIVERSIDE,NORTH,MEDIUM,38.39,PHONE,1
O01102,C0323,PASSENGER,19/08/25 06:06,4,AIRPORT,WEST,MEDIUM,81.39,API,1
O01103,C0337,PASSENGER,10/11/25 14:15,24,NORTH,EAST,MEDIUM,95.68,APP,0
O01104,C0480,PARCEL,21/09/24 16:27,12,EAST,RIVERSIDE,LOW,55.13,WEB,0
O01105,C0239,BUSINESS,18/06/25 17:21,12,EAST,WEST,MEDIUM,13.4,PHONE,0
O01106,C0175,BUSINESS,28/02/24 00:14,12,EAST,CENTRAL,MEDIUM,22.49,WEB,0
O01107,C0182,BUSINESS,25/01/24 07:32,12,AIRPORT,CENTRAL,MEDIUM,282.35,APP,0
O01108,C0235,PARCEL,24/10/24 06:40,4,NORTH,CENTRAL,CRITICAL,164.37,WEB,0
O01109,C0598,BUSINESS,12/08/25 14:39,2,AIRPORT,RIVERSIDE,LOW,16.12,PHONE,0
O01110,C0232,PASSENGER,15/07/24 05:13,1,SOUTH,AIRPORT,LOW,82.48,APP,0
O01111,C0167,RETAIL,14/11/24 21:57,6,SOUTH,NORTH,LOW,18.03,APP,1
O01112,C0301,BUSINESS,24/09/24 04:10,2,EAST,WEST,CRITICAL,278.14,APP,0
O01113,C0599,PASSENGER,03/04/24 07:29,6,RIVERSIDE,NORTH,HIGH,94.63,WEB,0
O01114,C0278,PASSENGER,13/12/24 22:45,1,RIVERSIDE,EAST,MEDIUM,94.52,APP,0
O01115,C0492,BUSINESS,28/11/25 22:50,1,WEST,CENTRAL,MEDIUM,63.15,WEB,0
O01116,C0556,MEDICAL,13/11/24 12:20,6,EAST,WEST,MEDIUM,61.33,APP,0
O01117,C0296,PARCEL,19/06/25 23:19,6,AIRPORT,EAST,HIGH,59.12,APP,0
O01118,C0106,PASSENGER,26/02/24 19:20,4,WEST,WEST,HIGH,65.93,APP,0
O01119,C0627,MEDICAL,04/01/24 09:03,6,CENTRAL,NORTH,MEDIUM,47.89,PHONE,0
O01120,C0182,MEDICAL,28/11/24 16:15,2,SOUTH,WEST,LOW,62.79,APP,0
O01121,C0078,RETAIL,06/03/24 05:59,12,CENTRAL,SOUTH,HIGH,73.49,APP,0
O01122,C0390,PARCEL,10/06/25 07:29,12,SOUTH,RIVERSIDE,HIGH,131.53,APP,0
O01123,C0274,PARCEL,31/01/24 06:20,24,SOUTH,WEST,HIGH,98.07,APP,1
O01124,C0015,BUSINESS,05/02/24 16:45,4,RIVERSIDE,SOUTH,HIGH,148.02,APP,1
O01125,C0510,PARCEL,17/06/25 11:43,12,WEST,CENTRAL,LOW,47.38,PHONE,0
O01126,C0587,PARCEL,05/02/25 16:19,4,SOUTH,CENTRAL,MEDIUM,15.01,WEB,0
O01127,C0296,RETAIL,17/03/24 03:42,1,RIVERSIDE,CENTRAL,MEDIUM,104.37,WEB,1
O01128,C0588,PASSENGER,03/12/24 19:24,6,WEST,AIRPORT,MEDIUM,12.73,APP,0
O01129,C0292,MEDICAL,23/03/25 15:04,6,NORTH,AIRPORT,LOW,139.29,APP,0
O01130,C0649,BUSINESS,15/09/24 21:32,4,EAST,NORTH,LOW,94.24,APP,0
O01131,C0110,MEDICAL,15/08/24 14:20,4,AIRPORT,NORTH,LOW,150.77,APP,1
O01132,C0588,BUSINESS,05/03/25 22:26,2,SOUTH,RIVERSIDE,LOW,81.66,APP,0
O01133,C0318,PARCEL,23/12/25 11:34,24,EAST,WEST,MEDIUM,8.61,PHONE,0
O01134,C0248,RETAIL,04/02/25 23:59,4,CENTRAL,SOUTH,LOW,87.01,APP,0
O01135,C0505,PARCEL,18/11/24 19:03,4,WEST,WEST,HIGH,103.41,WEB,0
O01136,C0529,RETAIL,17/04/24 14:05,1,CENTRAL,NORTH,LOW,123.74,UNKNOWN,1
O01137,C0213,PASSENGER,14/10/25 08:08,2,SOUTH,CENTRAL,MEDIUM,101.93,APP,1
O01138,C0409,PARCEL,02/08/24 17:08,2,AIRPORT,SOUTH,MEDIUM,41.05,APP,0
O01139,C0474,MEDICAL,03/05/24 14:43,6,EAST,EAST,MEDIUM,87.44,APP,0
O01140,C0244,PASSENGER,26/09/25 01:19,6,EAST,SOUTH,LOW,97.23,APP,0
O01141,C0630,BUSINESS,11/04/25 02:54,4,EAST,NORTH,LOW,36.73,APP,1
O01142,C0136,RETAIL,11/07/25 10:27,24,EAST,WEST,HIGH,91.95,APP,0
O01143,C0467,RETAIL,16/06/25 02:09,2,RIVERSIDE,EAST,LOW,217.11,PHONE,0
O01144,C0571,PASSENGER,02/07/25 22:06,4,RIVERSIDE,SOUTH,MEDIUM,17.71,APP,1
O01145,C0548,PASSENGER,22/02/24 01:18,24,EAST,NORTH,MEDIUM,301.38,APP,0
O01146,C0118,BUSINESS,17/11/25 04:33,6,SOUTH,EAST,HIGH,61.63,PHONE,0
O01147,C0165,RETAIL,19/04/24 22:04,2,SOUTH,SOUTH,LOW,149.49,APP,0
O01148,C0606,PASSENGER,19/11/24 05:52,24,CENTRAL,RIVERSIDE,MEDIUM,122.59,APP,0
O01149,C0246,BUSINESS,28/06/25 19:53,24,RIVERSIDE,AIRPORT,LOW,34.67,APP,0
O01150,C0270,PASSENGER,20/02/25 05:15,1,NORTH,WEST,LOW,144.76,PHONE,0
O01151,C0100,RETAIL,26/06/24 12:48,12,SOUTH,NORTH,MEDIUM,94.09,APP,0
O01152,C0247,PASSENGER,03/12/25 22:21,24,RIVERSIDE,WEST,HIGH,192.23,APP,0
O01153,C0004,BUSINESS,01/06/25 03:57,2,CENTRAL,AIRPORT,HIGH,59.44,APP,0
O01154,C0588,MEDICAL,09/05/24 14:35,12,SOUTH,SOUTH,LOW,25.19,PHONE,0
O01155,C0021,PARCEL,29/04/24 02:16,4,AIRPORT,EAST,LOW,56.45,WEB,0
O01156,C0430,PASSENGER,30/01/25 15:14,12,SOUTH,WEST,MEDIUM,47.0,APP,0
O01157,C0012,PARCEL,07/08/24 19:51,1,RIVERSIDE,EAST,HIGH,123.37,WEB,0
O01158,C0075,PARCEL,22/10/24 14:25,24,NORTH,WEST,MEDIUM,40.06,PHONE,0
O01159,C0069,PASSENGER,25/07/24 23:50,24,WEST,NORTH,LOW,47.65,PHONE,1
O01160,C0548,PARCEL,05/12/24 23:12,4,RIVERSIDE,AIRPORT,HIGH,171.67,APP,0
O01161,C0359,PASSENGER,17/05/25 03:55,4,RIVERSIDE,NORTH,HIGH,32.02,APP,0
O01162,C0261,PASSENGER,06/09/25 10:51,2,RIVERSIDE,EAST,MEDIUM,89.31,API,0
O01163,C0399,PARCEL,09/10/24 00:16,4,NORTH,EAST,LOW,13.49,APP,1
O01164,C0530,PARCEL,06/09/25 15:52,4,RIVERSIDE,WEST,HIGH,197.5,APP,0
O01165,C0478,PASSENGER,13/12/25 04:54,6,EAST,WEST,LOW,118.02,PHONE,0
O01166,C0053,PARCEL,22/09/25 10:20,4,WEST,NORTH,MEDIUM,57.89,WEB,1
O01167,C0336,PARCEL,25/06/24 23:47,6,CENTRAL,EAST,LOW,103.78,APP,0
O01168,C0575,PASSENGER,15/12/24 21:12,12,AIRPORT,CENTRAL,MEDIUM,30.78,WEB,1
O01169,C0158,PARCEL,11/06/25 13:03,4,AIRPORT,EAST,MEDIUM,145.59,WEB,0
O01170,C0321,PASSENGER,01/01/24 07:36,6,CENTRAL,WEST,LOW,104.64,WEB,0
O01171,C0508,PASSENGER,18/12/24 00:50,6,RIVERSIDE,CENTRAL,MEDIUM,52.73,WEB,0
O01172,C0383,MEDICAL,17/09/24 19:02,4,NORTH,RIVERSIDE,MEDIUM,111.98,PHONE,0
O01173,C0194,PASSENGER,02/08/24 10:14,6,NORTH,AIRPORT,MEDIUM,41.11,PHONE,0
O01174,C0605,PASSENGER,21/11/24 08:23,6,RIVERSIDE,AIRPORT,CRITICAL,104.71,WEB,0
O01175,C0623,RETAIL,11/04/24 11:39,24,WEST,AIRPORT,LOW,63.42,WEB,0
O01176,C0461,PARCEL,27/12/24 12:24,6,NORTH,RIVERSIDE,HIGH,93.51,APP,1
O01177,C0611,PARCEL,17/10/24 03:14,12,CENTRAL,SOUTH,HIGH,63.29,APP,0
O01178,C0362,MEDICAL,13/01/24 21:26,4,WEST,RIVERSIDE,CRITICAL,2.04,WEB,0
O01179,C0207,PASSENGER,13/10/25 18:48,6,RIVERSIDE,CENTRAL,HIGH,64.87,APP,0
O01180,C0197,PASSENGER,09/07/24 20:51,2,AIRPORT,CENTRAL,HIGH,109.31,WEB,1
O01181,C0346,RETAIL,23/02/24 23:10,6,WEST,EAST,HIGH,95.57,APP,0
O01182,C0256,PASSENGER,06/03/24 09:16,6,AIRPORT,NORTH,HIGH,128.45,APP,0
O01183,C0351,RETAIL,31/05/25 20:20,2,WEST,CENTRAL,MEDIUM,53.74,APP,0
O01184,C0253,BUSINESS,24/01/25 13:53,12,RIVERSIDE,WEST,MEDIUM,25.61,WEB,0
O01185,C0591,PARCEL,11/10/24 04:15,12,AIRPORT,RIVERSIDE,MEDIUM,59.09,APP,0
O01186,C0184,MEDICAL,07/06/25 22:21,1,RIVERSIDE,WEST,MEDIUM,96.23,WEB,0
O01187,C0451,MEDICAL,17/11/25 01:22,1,NORTH,AIRPORT,LOW,53.13,APP,0
O01188,C0291,PARCEL,25/06/24 10:56,1,CENTRAL,WEST,CRITICAL,83.85,PHONE,0
O01189,C0353,PARCEL,22/05/24 23:55,6,AIRPORT,RIVERSIDE,LOW,129.6,WEB,0
O01190,C0168,PARCEL,24/11/25 17:41,4,EAST,CENTRAL,HIGH,34.37,APP,0
O01191,C0258,BUSINESS,19/02/24 17:29,2,EAST,NORTH,LOW,91.82,APP,0
O01192,C0200,BUSINESS,13/12/24 15:50,2,AIRPORT,CENTRAL,MEDIUM,79.83,WEB,0
O01193,C0519,MEDICAL,17/04/25 23:55,6,EAST,CENTRAL,MEDIUM,11.71,API,0
O01194,C0229,PASSENGER,08/07/24 23:21,2,SOUTH,AIRPORT,MEDIUM,88.17,APP,1
O01195,C0529,RETAIL,01/04/25 07:04,2,AIRPORT,CENTRAL,MEDIUM,94.26,PHONE,0
O01196,C0109,PARCEL,04/12/24 03:20,4,SOUTH,EAST,LOW,79.58,PHONE,0
O01197,C0359,RETAIL,27/01/24 00:14,24,CENTRAL,AIRPORT,MEDIUM,63.08,APP,0
O01198,C0013,RETAIL,13/01/25 02:39,6,NORTH,EAST,HIGH,36.61,APP,0
O01199,C0225,BUSINESS,03/10/24 15:47,1,CENTRAL,WEST,MEDIUM,119.36,APP,0
O01200,C0433,PASSENGER,23/02/24 06:55,6,RIVERSIDE,RIVERSIDE,LOW,68.78,WEB,0
O01201,C0650,PARCEL,18/04/25 20:25,12,RIVERSIDE,NORTH,MEDIUM,80.58,APP,0
O01202,C0459,RETAIL,14/11/24 15:24,6,EAST,NORTH,MEDIUM,65.73,PHONE,0
O01203,C0445,PARCEL,13/11/24 20:40,24,WEST,RIVERSIDE,MEDIUM,141.68,WEB,0
O01204,C0498,PASSENGER,13/08/25 15:20,1,EAST,CENTRAL,CRITICAL,162.33,APP,0
O01205,C0559,PARCEL,19/12/24 23:53,4,WEST,NORTH,LOW,65.7,WEB,0
O01206,C0236,MEDICAL,15/11/24 23:55,4,CENTRAL,RIVERSIDE,HIGH,142.54,WEB,0
O01207,C0197,BUSINESS,26/12/24 18:58,6,CENTRAL,RIVERSIDE,MEDIUM,321.68,APP,0
O01208,C0098,MEDICAL,18/04/24 19:37,12,RIVERSIDE,SOUTH,MEDIUM,116.78,PHONE,1
O01209,C0182,PARCEL,14/06/25 02:30,2,RIVERSIDE,CENTRAL,MEDIUM,12.79,APP,0
O01210,C0581,MEDICAL,04/01/25 13:00,2,RIVERSIDE,RIVERSIDE,MEDIUM,198.15,APP,0
O01211,C0345,MEDICAL,11/12/25 07:13,24,SOUTH,SOUTH,MEDIUM,17.36,API,0
O01212,C0262,PARCEL,08/01/24 11:34,2,WEST,SOUTH,LOW,45.3,API,1
O01213,C0502,RETAIL,01/06/25 21:44,12,SOUTH,RIVERSIDE,HIGH,90.58,APP,0
O01214,C0386,MEDICAL,05/07/24 20:58,4,CENTRAL,NORTH,HIGH,17.33,PHONE,1
O01215,C0054,BUSINESS,08/05/25 01:29,12,NORTH,AIRPORT,MEDIUM,205.06,APP,0
O01216,C0382,PASSENGER,28/08/25 18:27,6,WEST,AIRPORT,LOW,37.65,UNKNOWN,1
O01217,C0263,PASSENGER,25/01/24 22:08,12,CENTRAL,SOUTH,HIGH,121.06,PHONE,0
O01218,C0065,RETAIL,15/03/25 02:11,4,AIRPORT,NORTH,MEDIUM,101.68,PHONE,0
O01219,C0164,PASSENGER,20/06/25 09:52,4,NORTH,RIVERSIDE,HIGH,81.91,API,0
O01220,C0006,PASSENGER,06/11/25 23:22,6,WEST,AIRPORT,HIGH,76.75,PHONE,0
O01221,C0243,PASSENGER,13/04/24 07:50,4,EAST,CENTRAL,MEDIUM,183.7,APP,0
O01222,C0361,RETAIL,09/10/25 01:14,12,NORTH,EAST,CRITICAL,105.79,PHONE,0
O01223,C0522,PARCEL,01/10/25 23:27,12,EAST,RIVERSIDE,MEDIUM,97.73,WEB,0
O01224,C0296,PASSENGER,06/10/24 12:40,4,RIVERSIDE,CENTRAL,LOW,136.16,APP,0
O01225,C0074,PARCEL,27/12/25 02:59,24,NORTH,CENTRAL,HIGH,165.46,APP,1
O01226,C0140,PASSENGER,03/02/25 06:20,6,SOUTH,SOUTH,MEDIUM,131.87,APP,0
O01227,C0282,MEDICAL,11/05/24 10:32,2,CENTRAL,NORTH,HIGH,95.27,PHONE,0
O01228,C0431,RETAIL,07/10/24 15:34,6,WEST,NORTH,LOW,110.84,WEB,0
O01229,C0399,PASSENGER,27/05/25 00:42,1,EAST,RIVERSIDE,MEDIUM,84.74,PHONE,0
O01230,C0564,PARCEL,26/05/24 19:24,1,CENTRAL,NORTH,HIGH,86.63,APP,0
O01231,C0305,MEDICAL,28/07/25 05:11,6,AIRPORT,EAST,MEDIUM,45.16,APP,1
O01232,C0189,PASSENGER,18/01/24 20:35,6,WEST,EAST,MEDIUM,55.4,APP,1
O01233,C0520,RETAIL,25/04/24 18:23,4,WEST,SOUTH,HIGH,51.7,PHONE,0
O01234,C0163,PARCEL,24/02/24 01:13,2,WEST,NORTH,MEDIUM,119.86,PHONE,1
O01235,C0636,MEDICAL,06/01/25 00:57,1,NORTH,RIVERSIDE,LOW,67.31,PHONE,0
O01236,C0543,BUSINESS,29/05/25 22:57,12,SOUTH,AIRPORT,LOW,156.71,APP,0
O01237,C0357,PARCEL,30/12/25 06:32,12,CENTRAL,EAST,HIGH,195.64,APP,0
O01238,C0318,PASSENGER,18/04/25 04:35,12,SOUTH,NORTH,MEDIUM,79.85,APP,0
O01239,C0392,RETAIL,08/06/24 04:09,2,SOUTH,WEST,MEDIUM,57.51,WEB,0
O01240,C0649,PASSENGER,10/08/25 14:51,2,EAST,EAST,HIGH,178.86,PHONE,0
O01241,C0537,PASSENGER,02/01/24 13:08,2,AIRPORT,SOUTH,HIGH,51.66,WEB,0
O01242,C0550,BUSINESS,09/08/25 22:16,1,CENTRAL,RIVERSIDE,LOW,284.98,APP,0
O01243,C0428,RETAIL,09/10/25 08:14,12,EAST,CENTRAL,MEDIUM,113.08,WEB,1
O01244,C0279,PASSENGER,03/06/25 06:32,24,AIRPORT,NORTH,HIGH,58.93,PHONE,0
O01245,C0237,RETAIL,10/05/25 14:03,2,AIRPORT,AIRPORT,HIGH,24.93,APP,1
O01246,C0198,BUSINESS,04/04/24 00:51,4,AIRPORT,NORTH,MEDIUM,60.45,APP,0
O01247,C0397,PARCEL,14/12/24 22:10,4,CENTRAL,RIVERSIDE,LOW,23.58,WEB,0
O01248,C0517,RETAIL,30/08/24 17:16,24,SOUTH,RIVERSIDE,MEDIUM,28.17,APP,0
O01249,C0572,MEDICAL,25/08/24 16:52,1,CENTRAL,RIVERSIDE,HIGH,188.73,WEB,0
O01250,C0180,RETAIL,28/06/24 07:38,1,NORTH,EAST,HIGH,128.53,APP,0
